"","year","country_name","country_name_short","vot_cd","vot_ci","vot_ei","vot_ed","lab_left","lab_right","start_date","left_cabin","gdp_per","pol_pol","pol_viol","pub_serv_rural","urb_pop","avr_educ","age_stand_death","total_death","total_death_rate","per_foreign_pop","var_lab_right","var_lab_left","prev_left_cab","var_gdp","var_death","var_tot_death"
"1",1946,"Australia","AUS",19.65,18.5666666666667,1.5,0,9.1,14.55,1946-11-01,"1",9.26,1.667,0.667,2.5,3815.632,9.242,NA,NA,NA,NA,NA,NA,NA,NA,NA,NA
"2",1949,"Australia","AUS",25.05,46,0,0,13,5.25,1949-12-19,"0",9.35,1.667,0.667,2.5,3971.908,9.398,NA,NA,NA,NA,-9.3,3.9,"1",0.0899999999999999,NA,NA
"3",1951,"Australia","AUS",25.1,47.7,0,0,8.15,3.8,1951-05-11,"0",9.39,1.75,0.75,2.5,4208.62,9.509,NA,NA,NA,NA,-1.45,-4.85,"0",0.0400000000000009,NA,NA
"4",1954,"Australia","AUS",23.5,50.1,0,0,17.7,9.55,1954-07-09,"0",9.43,1.75,0.75,2.5,4762.48,9.686,NA,NA,NA,NA,5.75,9.55,"0",0.0399999999999991,NA,NA
"5",1955,"Australia","AUS",23.8,24.9,0,0,17.45,5.175,1956-01-11,"0",9.46,1.75,0.75,2.5,4947.1,9.745,NA,NA,NA,NA,-4.375,-0.25,"0",0.0300000000000011,NA,NA
"6",1958,"Australia","AUS",23.2,26.15,0,0,19.75,4.95,1958-12-10,"0",9.49,1.75,0.75,2.5,5500.96,9.922,NA,NA,NA,NA,-0.225000000000001,2.3,"0",0.0299999999999994,NA,NA
"7",1961,"Australia","AUS",21,28.35,0,0,0,8.8,1961-12-22,"0",9.53,1.75,0.75,2.625,6054.82,10.103,NA,NA,NA,NA,3.85,-19.75,"0",0.0399999999999991,NA,NA
"8",1963,"Australia","AUS",23,26.45,0,0,10.65,2.95,1963-12-18,"0",9.61,1.75,0.75,2.75,6424.06,10.229,NA,NA,NA,NA,-5.85,10.65,"0",0.0800000000000001,NA,NA
"9",1966,"Australia","AUS",24.95,23.65,0,0,15.45,2.9,1966-12-14,"0",9.7,1.75,0.75,2.75,6977.92,10.418,NA,NA,NA,NA,-0.0499999999999994,4.8,"0",0.0899999999999999,NA,NA
"10",1969,"Australia","AUS",21.7,26.5,0,0,16.7,4.7,1969-11-12,"0",9.82,2,0.75,2.75,7531.78,10.607,NA,NA,NA,NA,1.8,1.25,"0",0.120000000000001,NA,NA
"11",1972,"Australia","AUS",14.6,27.4,0,0,14.95,5.25,1972-12-19,"1",9.89,2.25,0.75,2.875,8085.64,10.926,NA,NA,NA,NA,0.55,-1.75,"0",0.0700000000000003,NA,NA
"12",1974,"Australia","AUS",16,25.35,0,0,9.7,5.33333333333333,1974-06-12,"1",9.94,2.25,0.75,3,8454.88,11.182,NA,NA,NA,NA,0.083333333333333,-5.25,"1",0.0499999999999989,NA,NA
"13",1975,"Australia","AUS",17.6666666666667,22.05,0,0,11.1,6.86666666666667,1975-12-22,"0",9.95,2.25,0.75,3,8639.5,11.31,NA,NA,NA,NA,1.53333333333333,1.4,"1",0.00999999999999979,NA,NA
"14",1977,"Australia","AUS",16.0333333333333,16.8,0,0,14.6,3,1977-12-20,"0",9.98,2.25,0.75,3,9008.74,11.566,NA,NA,NA,NA,-3.86666666666667,3.5,"0",0.0300000000000011,NA,NA
"15",1980,"Australia","AUS",23.15,25.85,0,0,0,7.8,1980-11-03,"0",10.04,2.25,0.75,3,9562.6,11.95,NA,NA,NA,NA,4.8,-14.6,"0",0.0599999999999987,NA,NA
"16",1983,"Australia","AUS",21.7,27.25,0,0,0,0.5,1983-03-11,"1",10.03,2.25,0.75,3,10116.46,12.184,NA,NA,NA,NA,-7.3,0,"0",-0.00999999999999979,NA,NA
"17",1984,"Australia","AUS",15,26.45,0,0,0,0.0666666666666667,1984-12-13,"1",10.09,2.25,0.75,3,10301.08,12.262,NA,NA,NA,NA,-0.433333333333333,0,"1",0.0600000000000005,NA,NA
"18",1987,"Australia","AUS",22.9,25.9,0,0,2.5,0.2,1987-07-24,"1",10.16,2.25,0.75,3,10854.94,12.496,NA,NA,NA,NA,0.133333333333333,2.5,"1",0.0700000000000003,NA,NA
"19",1990,"Australia","AUS",14.7333333333333,25.35,1.4,0,0.4,0.2,1990-04-04,"1",10.22,2.25,0.75,3,11408.8,12.73,2.1,369,2.17,NA,0,-2.1,"1",0.0600000000000005,NA,NA
"20",1993,"Australia","AUS",22,24.35,1.9,0,2.801,0.7075,1993-03-24,"1",10.26,2,0.75,3,11962.66,12.808,1.91,348,1.97,NA,0.5075,2.401,"1",0.0399999999999991,-0.19,-21
"21",1996,"Australia","AUS",15.7666666666667,22.8,2.9,0,3.232,4.524,1996-03-11,"0",10.37,2.25,0.75,3,12516.52,12.886,1.83,343,1.89,NA,3.8165,0.431,"1",0.109999999999999,-0.0799999999999998,-5
"22",1998,"Australia","AUS",19.6,22.6,2.6,8.4,0,0.9175,1998-10-21,"0",10.44,2.25,0.75,3,12885.76,12.938,1.8,344,1.85,NA,-3.6065,-3.232,"0",0.0700000000000003,-0.03,1
"23",2001,"Australia","AUS",14.3333333333333,21.6,5,4.3,0.958,2.04333333333333,2001-11-26,"0",10.53,2.5,0.75,3,NA,13.005,1.66,326,1.7,NA,1.12583333333333,0.958,"0",0.0899999999999999,-0.14,-18
"24",2004,"Australia","AUS",12.175,19.4,7.2,1.2,2.7465,1.0835,2004-10-26,"0",10.62,2.5,0.75,3,NA,13.05,1.46,298,1.5,NA,-0.959833333333334,1.7885,"0",0.0899999999999999,-0.2,-28
"25",2007,"Australia","AUS",14.6,43.4,7.8,0,4.2945,2.838,2007-12-03,"1",10.69,2.5,0.75,3,NA,13.095,1.43,306,1.47,NA,1.7545,1.548,"0",0.0700000000000003,-0.03,8
"26",2010,"Australia","AUS",9.174,37.99,11.76,0,2.17733333333333,0,2010-09-14,"1",10.72,2.5,0.75,3,NA,13.14,1.37,313,1.42,NA,-2.838,-2.11716666666667,"1",0.0300000000000011,-0.0599999999999998,7
"27",2013,"Australia","AUS",8.74166666666667,17.21,8.65,0,2.16525,0.35975,2013-09-18,"0",10.76,2.5,0.75,3,NA,13.14,1.27,304,1.32,NA,0.35975,-0.0120833333333334,"1",0.0399999999999991,-0.1,-9
"28",2016,"Australia","AUS",7.74166666666667,17.635,10.23,1.29,5.2204,6.25,2016-07-19,"0",10.8,2.5,0.75,3,NA,13.14,1.25,315,1.31,NA,5.89025,3.05515,"0",0.0400000000000009,-0.02,11
"29",1949,"Austria","AUT",44,38.7,5.1,11.7,3.4,0.9,1949-11-08,"0",8.57,2.222,1,3.667,2472.54,6.754,NA,NA,NA,NA,NA,NA,NA,NA,NA,NA
"30",1953,"Austria","AUT",41.3,42.1,5.3,10.9,2.55,2.4,1953-04-02,"0",8.79,1.778,0.667,3.667,2501.08,7.121,NA,NA,NA,NA,1.5,-0.849999999999999,"0",0.219999999999999,NA,NA
"31",1956,"Austria","AUT",46,43,4.4,6.5,2.1,0,1956-06-29,"0",9.06,1.778,0.667,3.667,2520.16,7.442,NA,NA,NA,NA,-2.4,-0.450000000000001,"0",0.270000000000001,NA,NA
"32",1959,"Austria","AUT",44.2,44.8,3.3,7.7,1,1,1959-07-16,"0",9.17,1.778,0.667,3.667,2539.24,7.763,NA,NA,NA,NA,1,-1.1,"0",0.109999999999999,NA,NA
"33",1962,"Austria","AUT",45.4,44,3,7,0.7,0,1962-11-18,"0",9.31,1.778,0.667,3.667,2558.32,8.092,NA,NA,NA,NA,-1,-0.3,"0",0.140000000000001,NA,NA
"34",1966,"Austria","AUT",48.35,42.56,0,4.315,1.65,0,1966-04-19,"0",9.47,1.889,0.667,3.667,2583.76,8.536,NA,NA,NA,NA,0,0.95,"0",0.16,NA,NA
"35",1970,"Austria","AUT",44.7,48.4,1,5.5,0.9,0,1970-04-21,"1",9.65,1.444,0.667,4,2609.2,8.98,NA,NA,NA,NA,0,-0.75,"0",0.18,NA,NA
"36",1971,"Austria","AUT",43.1,50,1.4,5.5,4.05,0,1971-11-04,"1",9.7,1.444,0.667,4,2615.56,9.087,NA,NA,NA,NA,0,3.15,"1",0.0499999999999989,NA,NA
"37",1975,"Austria","AUT",42.9,50.4,1.2,5.4,0.7,1,1975-10-28,"1",9.83,1.444,0.667,4,2641,9.515,NA,NA,NA,NA,1,-3.35,"1",0.130000000000001,NA,NA
"38",1979,"Austria","AUT",41.9,51,1,6.1,1.76666666666667,0,1979-06-05,"1",9.97,1.333,0.667,4,2666.44,9.943,NA,NA,NA,NA,-1,1.06666666666667,"1",0.140000000000001,NA,NA
"39",1983,"Austria","AUT",43.2,47.6,1.7,5,1.6,1.8,1983-05-24,"1",10.04,1.333,0.556,4,2691.88,10.266,NA,NA,NA,NA,1.8,-0.166666666666667,"1",0.0699999999999985,NA,NA
"40",1986,"Austria","AUT",41.3,43.1,2.75,9.7,4.16666666666667,0,1987-01-21,"1",10.09,1.333,0.556,4,2710.96,10.482,NA,NA,NA,NA,-1.8,2.56666666666667,"1",0.0500000000000007,NA,NA
"41",1990,"Austria","AUT",32.1,42.8,3.4,16.6,2.25,1.3,1990-12-17,"1",10.2,1.444,0.556,4,2736.4,10.77,1.49,118,1.54,NA,1.3,-1.91666666666667,"1",0.109999999999999,NA,NA
"42",1994,"Austria","AUT",27.7,20.45,7.3,22.5,2.31,0.14925,1994-11-29,"1",10.27,1.444,0.667,4,2761.84,10.958,1.3,107,1.35,NA,-1.15075,0.0600000000000001,"1",0.0700000000000003,-0.19,-11
"43",1995,"Austria","AUT",28.3,21.8,4.8,21.9,0,0.5406,1996-03-12,"1",10.3,1.444,0.667,4,2768.2,11.005,1.23,102,1.28,NA,0.39135,-2.31,"1",0.0300000000000011,-0.0700000000000001,-5
"44",1999,"Austria","AUT",19.7033333333333,17.8175,8.345,25.15,7.99933333333333,0.721,1999-10-03,"1",10.42,1.444,0.333,4,2793.64,11.193,1.04,87,1.09,NA,0.1804,7.99933333333333,"1",0.119999999999999,-0.19,-15
"45",2002,"Austria","AUT",42.3,18.745,9.47,10.01,6.2532,0,2002-11-24,"0",10.49,1.778,0.333,4,NA,11.292,0.96,82,1.02,9.1,-0.721,-1.74613333333333,"1",0.0700000000000003,-0.0800000000000001,-5
"46",2006,"Austria","AUT",34.3,19.05,6.05,7.55,4.8144,0,2007-01-11,"1",10.57,1.778,0.333,4,NA,11.396,0.89,78,0.95,9.6,0,-1.4388,"0",0.0800000000000001,-0.07,-4
"47",2008,"Austria","AUT",25.98,11.0366666666667,10.43,14.12,5.54683333333333,0,2008-12-02,"1",10.62,1.778,0.333,4,NA,11.448,0.84,75,0.9,10,0,0.732433333333334,"1",0.0499999999999989,-0.05,-3
"48",2013,"Austria","AUT",11.5666666666667,26.8,6.7,12,6.09,3.064,2013-12-16,"1",10.63,1.778,0.333,4,NA,11.5,0.75,70,0.83,11.8,3.064,0.543166666666666,"1",0.0100000000000016,-0.09,-5
"49",2017,"Austria","AUT",18.4,26.9,4.1,26,5.24875,4.5265,2017-12-18,"0",10.65,2,0.333,4,NA,11.5,NA,NA,NA,15.4,1.4625,-0.84125,"1",0.0199999999999996,NA,NA
"50",1946,"Belgium","BEL",25.72,1.6,22.145,0,5,0.95,1946-03-13,"1",8.89,2.429,1.714,2.571,2182.68,6.4,NA,NA,NA,NA,NA,NA,NA,NA,NA,NA
"51",1949,"Belgium","BEL",20.2833333333333,0,18.625,0,1,3.25,1949-08-11,"0",9.02,2.143,1.571,2.571,2203.92,6.52,NA,NA,NA,NA,2.3,-4,"1",0.129999999999999,NA,NA
"52",1950,"Belgium","BEL",29.465,1.77,19.6,0,9.5,1.55,1950-06-08,"0",9.07,2.125,1.571,3.143,2211,6.56,NA,NA,NA,NA,-1.7,8.5,"0",0.0500000000000007,NA,NA
"53",1954,"Belgium","BEL",14.05,2.1,20.45,0,4,1.34566666666667,1954-04-22,"1",9.17,2,1,3.143,2302.6,6.84,NA,NA,NA,NA,-0.204333333333333,-5.5,"0",0.0999999999999996,NA,NA
"54",1958,"Belgium","BEL",19.8666666666667,2.1,18.85,0,3.035,1.073,1958-06-23,"0",9.24,2,1,3.143,2394.2,7.12,NA,NA,NA,NA,-0.272666666666667,-0.965,"1",0.0700000000000003,NA,NA
"55",1961,"Belgium","BEL",14.535,0,19.89,0,3.15,4.216,1961-04-25,"0",9.36,2,1.143,3.429,2462.9,7.325,NA,NA,NA,NA,3.143,0.115,"0",0.119999999999999,NA,NA
"56",1965,"Belgium","BEL",16.0125,0,16.44,0,3.459,0.8335,1965-07-27,"0",9.52,1.75,0.857,3.429,2554.5,7.585,NA,NA,NA,NA,-3.3825,0.309,"0",0.16,NA,NA
"57",1968,"Belgium","BEL",12.98,0,11.5666666666667,0,1.0275,2.163,1968-06-17,"0",9.62,2,1.286,3.429,2623.2,7.78,NA,NA,NA,NA,1.3295,-2.4315,"0",0.0999999999999996,NA,NA
"58",1971,"Belgium","BEL",8.87714285714286,0,12.3333333333333,0,1.138,0.256,1972-01-21,"0",9.77,1.625,1.143,3.429,2691.9,8.017,NA,NA,NA,NA,-1.907,0.1105,"0",0.15,NA,NA
"59",1974,"Belgium","BEL",10.4666666666667,0,9.025,0,1.32433333333333,0,1974-04-25,"0",9.91,1.625,1.143,3.429,2760.6,8.338,NA,NA,NA,NA,-0.256,0.186333333333333,"0",0.140000000000001,NA,NA
"60",1977,"Belgium","BEL",10.9666666666667,0,8.2775,0,1.02885714285714,2.0025,1977-06-03,"0",9.95,1.75,1.143,3.429,2829.3,8.659,NA,NA,NA,NA,2.0025,-0.29547619047619,"0",0.0399999999999991,NA,NA
"61",1978,"Belgium","BEL",10.6,12.4,4.995,1.15,1.759,0.395857142857143,1979-04-03,"0",9.98,1.75,1.143,3.429,2852.2,8.766,NA,NA,NA,NA,-1.60664285714286,0.730142857142857,"0",0.0300000000000011,NA,NA
"62",1981,"Belgium","BEL",10.0333333333333,12.4,3.695,1.9,2.24414285714286,0.1446,1981-12-17,"0",10.03,1.625,1,3.714,2920.9,9.076,NA,NA,NA,NA,-0.251257142857143,0.485142857142857,"0",0.0499999999999989,NA,NA
"63",1985,"Belgium","BEL",9.87833333333333,14.55,5.2975,1.28,2.578,0.1166,1985-11-28,"0",10.08,1.625,1,3.714,3012.5,9.46,NA,NA,NA,NA,-0.028,0.333857142857143,"0",0.0500000000000007,NA,NA
"64",1987,"Belgium","BEL",9.615,14.91,5.8875,1.9,1.952125,0,1988-05-09,"0",10.12,1.625,0.714,3.714,3058.3,9.652,NA,NA,NA,NA,-0.1166,-0.625875,"0",0.0399999999999991,NA,NA
"65",1991,"Belgium","BEL",7.88571428571429,12,5.9975,3.8,3.7901,2.46,1991-11-24,"0",10.23,1.375,0.571,4,3149.9,10.019,2.47,255,2.55,NA,2.46,1.837975,"0",0.110000000000001,NA,NA
"66",1995,"Belgium","BEL",10.602,12.6,5.2275,5.055,3.4793,0,1995-06-23,"0",10.29,1.25,0.571,4,3241.5,10.335,2.01,213,2.1,NA,-2.46,-0.3108,"0",0.0599999999999987,-0.46,-42
"67",1999,"Belgium","BEL",7.99461538461538,9.195,8.32333333333333,5.5575,1.278,0.402,1999-07-12,"0",10.39,1.25,0.571,4,3333.1,10.651,2.03,219,2.14,NA,0.402,-2.2013,"0",0.100000000000001,0.02,6
"68",2003,"Belgium","BEL",9.708,14.91,6.18333333333333,6.785,1.66775,3.9915,2003-07-12,"0",10.45,1.25,0.571,3.875,NA,10.898,1.71,188,1.82,8.2,3.5895,0.38975,"0",0.0599999999999987,-0.32,-31
"69",2007,"Belgium","BEL",10.592,10.26,5.195,7,4.848875,3.6768,2007-06-10,"0",10.55,1.375,0.571,3.875,NA,11.122,1.52,172,1.61,8.7,-0.3147,3.181125,"0",0.100000000000001,-0.19,-16
"70",2010,"Belgium","BEL",7.89857142857143,9.24,6.1075,7.76,3.5855,6.0132,2010-06-13,"0",10.54,1.625,0.571,3.875,NA,11.29,1.41,164,1.5,9.7,2.3364,-1.263375,"0",-0.0100000000000016,-0.11,-8
"71",2014,"Belgium","BEL",7.96,8.565,6.14375,2.47,6.516,4.5195,2014-05-25,"1",10.55,1.625,0.571,3.875,NA,11.29,1.29,155,1.38,11.3,-1.4937,2.9305,"0",0.0100000000000016,-0.12,-9
"72",2019,"Belgium","BEL",6.84357142857143,6.58,7.95,12,7.088,4.0505,2019-05-26,"0",NA,1.625,0.5,3.875,NA,11.29,NA,NA,NA,12.3,-0.468999999999999,0.572,"1",NA,NA,NA
"73",1991,"Bulgaria","BGR",9.158,5.375,33.14,1.13,0.787,2.81433333333333,1991-11-05,"0",9.03,2.4,1.1,2.5,2781.24,9.702,3.91,357,4.1,NA,NA,NA,NA,NA,NA,NA
"74",1994,"Bulgaria","BGR",7.678,4.615,22.505,0,2.105,1.21016666666667,1995-01-26,"1",9.01,2.6,0.8,2.5,2870.16,10.008,4.49,401,4.76,NA,-1.60416666666667,1.318,"0",-0.0199999999999996,0.58,44
"75",1997,"Bulgaria","BGR",27.21,6.585,11.87,0,0,3.305875,1997-05-21,"0",8.98,2.9,1.2,2.5,2959.08,10.314,4.36,387,4.71,NA,2.09570833333333,-2.105,"1",-0.0299999999999994,-0.13,-14
"76",2001,"Bulgaria","BGR",16.9975,7.45,17.15,0,0.378,0.205333333333333,2001-07-24,"0",9.09,1.8,0.4,2.333,NA,10.686,3.37,300,3.77,NA,-3.10054166666667,0.378,"0",0.109999999999999,-0.99,-87
"77",2005,"Bulgaria","BGR",9.466,7.055,16.95,0,4.1142,0.877,2005-08-17,"1",9.37,1.6,0.7,2.333,NA,10.95,2.93,260,3.38,NA,0.671666666666667,3.7362,"0",0.279999999999999,-0.44,-40
"78",2009,"Bulgaria","BGR",11.1181818181818,14.295,18.1,4.4,0,1.6592,2009-07-27,"0",9.57,1.7,0.5,2.333,NA,11.214,2.68,233,3.12,NA,0.7822,-4.1142,"1",0.200000000000001,-0.25,-27
"79",2014,"Bulgaria","BGR",12.779125,8.294,17.1675,5.165,2.6465,1.205,2014-11-07,"0",9.66,1.9,0.7,2,NA,11.28,2.3,200,2.75,NA,-0.4542,2.6465,"0",0.0899999999999999,-0.38,-33
"80",2017,"Bulgaria","BGR",8.23,5.415,27.93,5.21,0,1.7756,2017-05-04,"0",9.78,2,0.7,2,NA,11.28,NA,NA,NA,NA,0.5706,-2.6465,"0",0.119999999999999,NA,NA
"81",1945,"Canada","CAN",18.335,0,8.89,0,2.43333333333333,4.2,1945-06-11,"0",9.34,1,0.4,1.833,4196.1,8.99,NA,NA,NA,NA,NA,NA,NA,NA,NA,NA
"82",1949,"Canada","CAN",16.524,0,13.38,0,2.75,1.4,1949-06-27,"0",9.33,0.857,0.4,1.833,4479.22,9.118,NA,NA,NA,NA,-2.8,0.316666666666667,"0",-0.00999999999999979,NA,NA
"83",1953,"Canada","CAN",21.6625,0,6.17,0,5.16666666666667,0,1953-08-10,"0",9.45,0.857,0.2,2.5,4857.8,9.267,NA,NA,NA,NA,-1.4,2.41666666666667,"0",0.119999999999999,NA,NA
"84",1957,"Canada","CAN",29.3266666666667,0,10.71,0,2.5,1.36666666666667,1957-06-21,"0",9.53,0.857,0.2,2.5,5268.2,9.423,NA,NA,NA,NA,1.36666666666667,-2.66666666666667,"0",0.0800000000000001,NA,NA
"85",1958,"Canada","CAN",22.5025,0,9.5,0,1.06666666666667,0,1958-03-31,"0",9.52,0.857,0.2,2.5,5370.8,9.462,NA,NA,NA,NA,-1.36666666666667,-1.43333333333333,"0",-0.00999999999999979,NA,NA
"86",1962,"Canada","CAN",21.605,0,6.775,0,1.775,0,1962-06-18,"0",9.6,1.143,0.667,3,5781.2,9.612,NA,NA,NA,NA,0,0.708333333333333,"0",0.0800000000000001,NA,NA
"87",1963,"Canada","CAN",28.8233333333333,0,6.6,0,0.566666666666667,2.2,1963-04-22,"0",9.63,1.143,0.667,3,5883.8,9.648,NA,NA,NA,NA,2.2,-1.20833333333333,"0",0.0300000000000011,NA,NA
"88",1965,"Canada","CAN",25.4166666666667,0,8.985,0,6.15,0,1965-12-18,"0",9.72,1.143,0.833,3,6089,9.72,NA,NA,NA,NA,-2.2,5.58333333333333,"0",0.0899999999999999,NA,NA
"89",1968,"Canada","CAN",25.9133333333333,0,16.96,0,1.2,1.8,1968-07-06,"0",9.81,1.143,0.833,3,6396.8,9.828,NA,NA,NA,NA,1.8,-4.95,"0",0.0899999999999999,NA,NA
"90",1972,"Canada","CAN",26.3533333333333,0,17.28,0,0.566666666666667,1.8,1972-11-27,"0",9.94,1.286,0.333,3,6807.2,10.162,NA,NA,NA,NA,0,-0.633333333333333,"0",0.129999999999999,NA,NA
"91",1974,"Canada","CAN",27.8866666666667,0,15.44,0,0,0.833333333333333,1974-08-08,"0",10.03,1.286,0.333,3,7012.4,10.424,NA,NA,NA,NA,-0.966666666666667,-0.566666666666667,"0",0.0899999999999999,NA,NA
"92",1979,"Canada","CAN",26.87,0,17.88,0,0.9,0,1979-06-04,"0",10.16,1.286,0.5,3,7525.4,11.079,NA,NA,NA,NA,-0.833333333333333,0.9,"0",0.130000000000001,NA,NA
"93",1980,"Canada","CAN",26.16,0,19.78,0,0.5,0,1980-03-03,"0",10.16,1.429,0.333,3.143,7628,11.21,NA,NA,NA,NA,0,-0.4,"0",0,NA,NA
"94",1984,"Canada","CAN",39.025,0,18.81,0,2.65,2.3,1984-09-17,"0",10.2,1.571,0.333,3.143,8038.4,11.606,NA,NA,NA,NA,2.3,2.15,"0",0.0399999999999991,NA,NA
"95",1988,"Canada","CAN",37.165,0,20.22,2.08,3,2.8,1988-12-07,"0",10.32,1.571,0.333,3.143,8448.8,12.002,NA,NA,NA,NA,0.5,0.35,"0",0.120000000000001,NA,NA
"96",1993,"Canada","CAN",28.66,7.435,6.87,18.72,3.346,0.4485,1993-11-04,"0",10.3,1.571,0.333,3.286,8961.8,12.392,1.93,575,2.01,NA,-2.3515,0.346,"0",-0.0199999999999996,NA,NA
"97",1997,"Canada","CAN",28.65,10.67,5.74,19.35,8.235,0.38425,1997-06-11,"0",10.4,1.571,0.333,3.429,9372.2,12.648,1.63,502,1.68,NA,-0.06425,4.889,"0",0.0999999999999996,-0.3,-73
"98",2000,"Canada","CAN",26.52,10.72,4.66,25.49,4.03925,0,2000-11-27,"0",10.52,1.571,0.333,3.429,9680,12.84,1.55,486,1.59,NA,-0.38425,-4.19575,"0",0.119999999999999,-0.0799999999999998,-16
"99",2004,"Canada","CAN",36.73,12.39,9.985,29.63,1.197,0.561,2004-07-20,"0",10.58,1.571,0.333,3.429,NA,12.936,1.59,518,1.63,NA,0.561,-2.84225,"0",0.0600000000000005,0.04,32
"100",2006,"Canada","CAN",30.23,10.48,10.99,36.27,1.08566666666667,0,2006-02-06,"0",10.63,1.714,0.333,3.429,NA,12.984,1.75,581,1.79,5.4,-0.561,-0.111333333333334,"0",0.0500000000000007,0.16,63
"101",2008,"Canada","CAN",26.3,10,12.5,37.7,0.699666666666667,2.321,2008-10-30,"0",10.64,1.714,0.333,3.429,NA,13.032,1.67,566,1.7,NA,2.321,-0.386,"0",0.00999999999999979,-0.0800000000000001,-15
"102",2011,"Canada","CAN",18.9,6.1,17.25,39.6,2.26666666666667,1.2495,2011-05-02,"0",10.65,1.857,0.333,3.429,NA,13.08,1.64,572,1.67,5.7,-1.0715,1.567,"0",0.00999999999999979,-0.03,6
"103",2015,"Canada","CAN",39.47,4.66,11.58,31.89,1.56375,0,2015-11-04,"0",10.68,1.857,0.333,3.429,NA,13.08,1.56,567,1.58,NA,-1.2495,-0.702916666666667,"0",0.0299999999999994,-0.0799999999999998,-5
"104",2000,"Croatia","HRV",10.7,40.8,0,3.2,5.9662,5.851,2000-01-27,"1",9.49,2.5,1.125,2.333,NA,NA,2.46,120,2.7,NA,NA,NA,NA,NA,NA,NA
"105",2003,"Croatia","HRV",11.4,23.3,8.3,3.9,2.41757142857143,1.193,2003-12-23,"0",9.66,2.5,0.875,2.333,NA,NA,1.92,95,2.17,NA,-4.658,-3.54862857142857,"1",0.17,-0.54,-25
"106",2007,"Croatia","HRV",21.15,11.2666666666667,6.7,2.6,3.41225,2.10066666666667,2008-01-12,"0",9.9,2.25,0.75,2.5,NA,NA,1.66,83,1.9,NA,0.907666666666667,0.994678571428572,"0",0.24,-0.26,-12
"107",2011,"Croatia","HRV",9.04666666666667,41.08,4.19,2.2,5.70842857142857,0,2011-12-23,"1",9.89,2.25,0.5,2.667,NA,NA,1.43,72,1.67,NA,-2.10066666666667,2.29617857142857,"0",-0.00999999999999979,-0.23,-11
"108",2016,"Croatia","HRV",22.3,12.7333333333333,0,3.555,5.44825,1.17,2016-10-19,"0",9.92,2.625,1.125,2.667,NA,NA,1.27,63,1.5,NA,1.17,-0.260178571428572,"1",0.0299999999999994,-0.16,-9
"109",2020,"Croatia","HRV",11.995,23.88,4.145,6.45,5.181375,2.33233333333333,2020-07-23,"0",NA,2.375,1,2.5,NA,NA,NA,NA,NA,NA,1.16233333333333,-0.266875,"0",NA,NA,NA
"110",1996,"Cyprus","CYP",7.03333333333333,8.1,17.2,18.1,3.074,0.673,1996-05-26,"0",9.85,3,1,2.2,387.28,8.084,2.77,19,2.77,NA,NA,NA,NA,NA,NA,NA
"111",2001,"Cyprus","CYP",5.4,6.5,34.7,18.5,3.18625,0,2001-05-27,"0",10.05,3,1,2.6,NA,8.544,2.64,19,2.69,NA,-0.673,0.11225,"0",0.200000000000001,-0.13,0
"112",2006,"Cyprus","CYP",6.795,8.91,31.13,30.34,3.65725,0.4615,2006-05-21,"0",10.21,2.8,0.75,2.6,NA,8.978,2.28,18,2.39,NA,0.4615,0.471,"0",0.16,-0.36,-1
"113",2011,"Cyprus","CYP",7.28333333333333,8.93,32.67,17.68,1.4185,4.928,2011-05-22,"1",10.21,2.6,0.6,2.6,NA,9.325,1.89,18,2.05,NA,4.4665,-2.23875,"0",0,-0.39,0
"114",2016,"Cyprus","CYP",9.65,6.095,25.67,13.2133333333333,2.818,2.59075,2016-05-22,"0",10.15,2.6,0.6,2.6,NA,9.325,1.84,18,2.03,NA,-2.33725,1.3995,"1",-0.0600000000000005,-0.0499999999999998,0
"115",1990,"Czech Republic","CZE",20.6766666666667,4.105,13.24,1.84,1.299,0.14975,1990-06-29,"0",9.56,0.875,0.375,3.714,2550.36,10.318,2.3,246,2.39,NA,NA,NA,NA,NA,NA,NA
"116",1992,"Czech Republic","CZE",9.556,3.9925,10.285,5.98,1.124,0.898222222222222,1992-07-02,"0",9.46,0.875,0.375,3.714,2576.528,10.405,2.37,254,2.46,NA,0.748472222222222,-0.175,"0",-0.0999999999999996,0.0700000000000003,8
"117",1996,"Czech Republic","CZE",11.715,14.765,5.865,5.03,0.2425,0.955,1996-07-02,"0",9.64,0.75,0.375,3.714,2628.864,10.579,2.1,230,2.23,NA,0.0567777777777777,-0.8815,"0",0.18,-0.27,-24
"118",1998,"Czech Republic","CZE",11.6975,12.1633333333333,11.03,3.9,0.363,0.411,1998-07-17,"1",9.66,1,0.375,3.571,2655.032,10.666,1.93,214,2.09,NA,-0.544,0.1205,"0",0.0199999999999996,-0.17,-16
"119",2002,"Czech Republic","CZE",13.84,16.28,18.51,0,2.464,0.869333333333333,2002-07-15,"1",9.82,1,0.375,3.571,NA,10.852,1.71,195,1.9,2.1,0.458333333333333,2.101,"1",0.16,-0.22,-19
"120",2006,"Czech Republic","CZE",14.8933333333333,19.305,12.81,0,0.6865,0.512,2006-08-16,"0",10.08,1.25,0.375,3.714,NA,11.049,1.54,180,1.74,2.7,-0.357333333333333,-1.7775,"1",0.26,-0.17,-15
"121",2010,"Czech Republic","CZE",13.0475,9.61666666666667,11.27,2.405,0.771,0.10025,2010-06-28,"0",10.16,1.375,0.375,3.714,NA,11.247,1.35,162,1.55,4.1,-0.41175,0.0845,"0",0.0800000000000001,-0.19,-18
"122",2013,"Czech Republic","CZE",9.11333333333333,8.38333333333333,14.91,2.46,2.797,3.484,2014-01-17,"1",10.18,1.75,0.375,3.714,NA,11.247,1.21,147,1.4,4.1,3.38375,2.026,"0",0.0199999999999996,-0.14,-15
"123",2017,"Czech Republic","CZE",11.34,4.365,7.76,6.1,1.4825,0.273,2017-12-13,"0",10.31,1.625,0.375,3.714,NA,11.247,NA,NA,NA,4.6,-3.211,-1.3145,"1",0.130000000000001,NA,NA
"124",1945,"Denmark","DNK",14.4833333333333,20.49,12.5,3.1,2.2942,0.6,1945-11-07,"0",9,2.45,2.12,3.333,1295.5,7.27,NA,NA,NA,NA,NA,NA,NA,NA,NA,NA
"125",1947,"Denmark","DNK",14.8266666666667,23.45,6.8,1.2,1.16666666666667,0,1947-11-13,"1",9.17,1.167,0.667,3.333,1320.5,7.406,NA,NA,NA,NA,-0.6,-1.12753333333333,"0",0.17,NA,NA
"126",1950,"Denmark","DNK",15.7666666666667,23.9,4.6,0,1.7,0.2,1950-09-16,"1",9.31,0.667,0.167,3.5,1358,7.61,NA,NA,NA,NA,0.2,0.533333333333333,"1",0.140000000000001,NA,NA
"127",1953,"Denmark","DNK",13.0142857142857,24.525,4.55,0.8,0.233333333333333,0,1953-04-21,"0",9.36,0.763,0.167,3.571,1377.68,7.982,NA,NA,NA,NA,-0.2,-1.46666666666667,"1",0.0499999999999989,NA,NA
"128",1957,"Denmark","DNK",12.325,23.6,3.1,0,9.8,0.5018,1957-05-28,"1",9.45,0.5,0.167,3.571,1403.92,8.478,NA,NA,NA,NA,0.5018,9.56666666666667,"0",0.0899999999999999,NA,NA
"129",1960,"Denmark","DNK",11.125,23.95,3.6,0,3.74,0.6,1960-11-18,"1",9.55,0.5,0.167,3.857,1423.6,8.85,NA,NA,NA,NA,0.0982,-6.06,"1",0.100000000000001,NA,NA
"130",1964,"Denmark","DNK",11.175,23.6,3.5,0,1.75,0,1964-09-26,"1",9.73,0.5,0.167,3.857,1449.84,9.246,NA,NA,NA,NA,-0.6,-1.99,"1",0.18,NA,NA
"131",1966,"Denmark","DNK",10.5175,22.78,10.9,0,1.8924,0.35725,1966-11-22,"1",9.79,0.5,0.167,3.857,1462.96,9.444,NA,NA,NA,NA,0.35725,0.1424,"1",0.0599999999999987,NA,NA
"132",1968,"Denmark","DNK",13.4333333333333,24.55,3.04666666666667,0,2.18,0.4232,1968-02-02,"1",9.85,0.5,0.167,3.857,1476.08,9.642,NA,NA,NA,NA,0.06595,0.287600000000001,"1",0.0600000000000005,NA,NA
"133",1971,"Denmark","DNK",9,25.8,4.03333333333333,0,3.025,0,1971-10-11,"1",9.93,0.5,0.5,4,1495.76,9.937,NA,NA,NA,NA,-0.4232,0.844999999999999,"1",0.0800000000000001,NA,NA
"134",1973,"Denmark","DNK",7.24,18.4,3.7,15.9,2.35,0.0714285714285714,1973-12-19,"0",10.01,0.5,0.5,4,1508.88,10.131,NA,NA,NA,NA,0.0714285714285714,-0.675,"1",0.0800000000000001,NA,NA
"135",1975,"Denmark","DNK",7.62,18.5,3.76666666666667,13.6,5.38,0.0666666666666667,1975-02-13,"1",9.99,0.5,0.5,4,1522,10.325,NA,NA,NA,NA,-0.00476190476190476,3.03,"0",-0.0199999999999996,NA,NA
"136",1977,"Denmark","DNK",6.72,20.3,3.43333333333333,14.6,6.1,0.0833333333333333,1977-02-15,"1",10.06,0.5,0.5,4,1535.12,10.519,NA,NA,NA,NA,0.0166666666666667,0.72,"1",0.0700000000000003,NA,NA
"137",1979,"Denmark","DNK",7.33,17.225,6.76666666666667,8.4,10.4,1.03333333333333,1979-10-26,"1",10.1,0.5,0.5,4,1548.24,10.713,NA,NA,NA,NA,0.95,4.3,"1",0.0399999999999991,NA,NA
"138",1981,"Denmark","DNK",7.56,19,5,8.9,6.22,0.4,1981-12-30,"1",10.09,0.5,0.667,4,1561.36,10.869,NA,NA,NA,NA,-0.633333333333333,-4.18,"1",-0.00999999999999979,NA,NA
"139",1984,"Denmark","DNK",9.65555555555556,14.925,9.1,3.55,2.7805,0,1984-01-10,"0",10.19,0.5,0.667,4,1581.04,11.046,NA,NA,NA,NA,-0.4,-3.4395,"1",0.0999999999999996,NA,NA
"140",1987,"Denmark","DNK",9.625,17.75,4.875,4.8,7.62425,1.5686,1987-09-10,"0",10.27,0.5,0.667,4,1600.72,11.223,NA,NA,NA,NA,1.5686,4.84375,"0",0.0800000000000001,NA,NA
"141",1988,"Denmark","DNK",9.45,17.7,5.43333333333333,9,9.43833333333333,2.6042,1988-06-03,"0",10.28,0.5,0.667,4,1607.28,11.282,NA,NA,NA,NA,1.0356,1.81408333333333,"0",0.00999999999999979,NA,NA
"142",1990,"Denmark","DNK",9.8,20.45,3.93333333333333,6.4,9.175,3.1362,1990-12-18,"0",10.29,0.5,0.5,4,1620.4,11.4,1.47,78,1.51,NA,0.532,-0.263333333333332,"0",0.00999999999999979,NA,NA
"143",1994,"Denmark","DNK",11.5285714285714,15.875,8.9,4.65,8.01825,1.6724,1994-09-27,"1",10.38,0.5,0.5,4,1646.64,11.648,1.55,85,1.63,NA,-1.4638,-1.15675,"0",0.0900000000000016,0.0800000000000001,7
"144",1998,"Denmark","DNK",9.925,19.9,5.15,4.9,7.3328,0.496,1998-03-11,"1",10.5,0.5,0.5,4,1672.88,11.896,1.5,84,1.58,NA,-1.1764,-0.68545,"1",0.119999999999999,-0.05,-1
"145",2001,"Denmark","DNK",11.1,17.15,4.4,6.25,4.57475,0.974,2001-11-27,"0",10.58,0.429,0.429,4,NA,12.025,1.34,75,1.4,4.8,0.478,-2.75805,"1",0.0800000000000001,-0.16,-9
"146",2005,"Denmark","DNK",10.5,17.5,4.7,13.3,3.52757142857143,1.7145,2005-02-18,"0",10.65,0.429,0.286,4,NA,12.045,1.18,67,1.23,4.9,0.7405,-1.04717857142857,"0",0.0700000000000003,-0.16,-8
"147",2007,"Denmark","DNK",10.075,15.3,7.6,13.9,5.68928571428571,0,2007-11-23,"0",10.7,0.429,0.571,4,NA,12.055,1.1,63,1.15,5.1,-1.7145,2.16171428571429,"0",0.0499999999999989,-0.0799999999999998,-4
"148",2011,"Denmark","DNK",9.345,17.15,7.95,12.3,7.364,1.36633333333333,2011-10-02,"1",10.68,0.429,0.286,4,NA,12.07,0.91,54,0.96,6.2,1.36633333333333,1.67471428571429,"0",-0.0199999999999996,-0.19,-9
"149",2015,"Denmark","DNK",7.8,15.45,5.6,21.1,9.201,3.094,2015-06-28,"0",10.71,0.429,0.286,4,NA,12.07,0.8,48,0.85,7.5,1.72766666666667,1.837,"1",0.0300000000000011,-0.11,-6
"150",2019,"Denmark","DNK",9.41428571428571,16.525,6.2,5.925,6.41242857142857,3.12166666666667,2019-06-27,"1",NA,0.429,0.286,4,NA,12.07,NA,NA,NA,9.1,0.0276666666666667,-2.78857142857143,"0",NA,NA,NA
"151",1992,"Estonia","EST",11.7525,10.99,2.26,4.64,2.4945,0,1992-10-21,"0",9.49,2,0.143,3.75,NA,10.073,13.98,222,14.39,NA,NA,NA,NA,NA,NA,NA
"152",1995,"Estonia","EST",12.558,10.08,4.07,3.09,0,1.0528,1995-04-17,"0",9.46,1.429,0.143,3.75,NA,10.518,18.61,281,19.33,NA,1.0528,-2.4945,"0",-0.0299999999999994,4.63,59
"153",1999,"Estonia","EST",7.60833333333333,15.2966666666667,6.13,0,1.69866666666667,1.2075,1999-03-25,"0",9.64,1.429,0.143,3.5,NA,11.112,13.8,208,14.81,NA,0.1547,1.69866666666667,"0",0.18,-4.81,-73
"154",2003,"Estonia","EST",8.7,15.1333333333333,2.2,24.6,3.268,1.5595,2003-04-10,"0",9.89,1.714,0.143,3.4,NA,11.319,10.6,161,11.71,19.5,0.352,1.56933333333333,"0",0.25,-3.2,-47
"155",2007,"Estonia","EST",14.75,14.6,4.05,17.9,2.484,0.7865,2007-04-05,"0",10.17,2.286,0.857,3.6,NA,11.397,8.48,128,9.52,NA,-0.773,-0.784,"0",0.279999999999999,-2.12,-33
"156",2011,"Estonia","EST",28.6,14.1666666666667,3.8,20.5,3.73275,2.0735,2011-04-05,"0",10,1.571,0.143,3.6,NA,11.456,5.5,83,6.28,NA,1.287,1.24875,"0",-0.17,-2.98,-45
"157",2015,"Estonia","EST",18.19,16.05,0.9,13.71,2.998,2.05733333333333,2015-04-09,"0",10.11,1.714,0.143,3.6,NA,11.456,4.72,71,5.43,16.1,-0.0161666666666669,-0.73475,"0",0.109999999999999,-0.78,-12
"158",2019,"Estonia","EST",12.78,16.85,1.6,10.85,4.13433333333333,0.6275,2019-04-29,"1",NA,2.429,0.143,3.6,NA,11.456,NA,NA,NA,16.3,-1.42983333333333,1.13633333333333,"0",NA,NA,NA
"159",1948,"Finland","FIN",10.538,26.3,20,0,0,3.33075,1948-07-29,"1",8.75,2,1,3.2,753.6,5.776,NA,NA,NA,NA,NA,NA,NA,NA,NA,NA
"160",1951,"Finland","FIN",10.234,26.5,21.6,0,5.357,2.963,1951-09-20,"0",8.89,1.333,0.667,3.6,797.16,6.077,NA,NA,NA,NA,-0.36775,5.357,"1",0.140000000000001,NA,NA
"161",1954,"Finland","FIN",10.38,26.2,21.6,0,9.019,0.658666666666667,1954-05-05,"0",8.98,1.333,0.667,3.6,860.64,6.368,NA,NA,NA,NA,-2.30433333333333,3.662,"0",0.0899999999999999,NA,NA
"162",1958,"Finland","FIN",10.22,12.4,23.2,0,10.9456666666667,1.30425,1958-08-29,"1",9.07,1.333,0.667,3.6,945.28,6.756,NA,NA,NA,NA,0.645583333333333,1.92666666666667,"0",0.0899999999999999,NA,NA
"163",1962,"Finland","FIN",8.845,11.95,22.01,0,7.623,0,1962-04-13,"0",9.29,1.333,0.667,3.6,1029.92,7.088,NA,NA,NA,NA,-1.30425,-3.32266666666667,"1",0.219999999999999,NA,NA
"164",1966,"Finland","FIN",8.10833333333333,14.9,21.2,0,1.29975,0,1966-05-27,"1",9.43,1,0.667,3.6,1114.56,7.364,NA,NA,NA,NA,0,-6.32325,"0",0.140000000000001,NA,NA
"165",1972,"Finland","FIN",9.32333333333333,13.39,17.01,0,11.9726666666667,0,1972-02-23,"1",9.72,1,0.75,3.6,1241.52,8.002,NA,NA,NA,NA,0,10.6729166666667,"1",0.290000000000001,NA,NA
"166",1975,"Finland","FIN",6.9,24.9,18.9,0,3.12725,1.23525,1975-11-30,"0",9.81,1,0.75,3.6,1305,8.545,NA,NA,NA,NA,1.23525,-8.84541666666667,"1",0.0899999999999999,NA,NA
"167",1979,"Finland","FIN",8.21428571428571,23.9,17.9,0,2.4332,2.566,1979-05-26,"1",9.89,1,0.75,3.6,1389.64,9.269,NA,NA,NA,NA,1.33075,-0.69405,"0",0.0800000000000001,NA,NA
"168",1983,"Finland","FIN",8.21142857142857,14.05,13.5,0,4.154,0,1983-05-06,"1",10,0.8,0.8,3.8,1474.28,9.789,NA,NA,NA,NA,-2.566,1.7208,"1",0.109999999999999,NA,NA
"169",1987,"Finland","FIN",9.31666666666667,14.05,6.8,0,1.92425,0,1987-04-30,"0",10.11,0.8,0.8,3.8,1558.92,10.241,NA,NA,NA,NA,0,-2.22975,"1",0.109999999999999,NA,NA
"170",1991,"Finland","FIN",9.71666666666667,14.45,10.1,0,0,0,1991-04-26,"0",10.13,0.8,0.8,3.8,1643.56,10.669,3.1,165,3.29,NA,0,-1.92425,"0",0.0200000000000014,NA,NA
"171",1995,"Finland","FIN",8.31666666666667,11.7,11.2,0,2.61433333333333,2.39683333333333,1995-04-13,"1",10.16,0.8,0.8,3.8,1728.2,11.025,2.76,151,2.95,NA,2.39683333333333,2.61433333333333,"0",0.0299999999999994,-0.34,-14
"172",1999,"Finland","FIN",10.1454545454545,12.78,10,0,4.4956,0.595333333333333,1999-04-15,"1",10.34,0.8,0.8,3.8,1812.84,11.381,2.59,142,2.76,NA,-1.8015,1.88126666666667,"1",0.18,-0.17,-9
"173",2003,"Finland","FIN",10.96,16.25,5.35,0,3.89583333333333,0.7815,2003-04-17,"0",10.45,0.8,0.8,3.8,NA,11.638,2.28,126,2.42,2,0.186166666666667,-0.599766666666666,"1",0.109999999999999,-0.31,-16
"174",2007,"Finland","FIN",11.8,14.95,4.75,0,8.472125,0,2007-04-19,"0",10.6,0.8,0.8,3.8,NA,11.862,2.13,118,2.24,2.3,-0.7815,4.57629166666667,"0",0.15,-0.15,-8
"175",2011,"Finland","FIN",12.72,13.2,8.1,0,8.70983333333333,4.948,2011-06-22,"0",10.56,1,0.8,3.8,NA,12.03,1.81,102,1.9,3.1,4.948,0.237708333333334,"0",-0.0399999999999991,-0.32,-16
"176",2015,"Finland","FIN",13.074,12.52,7.13,0,8.48085714285714,2.98,2015-05-29,"0",10.51,1,0.8,3.8,NA,12.03,1.46,84,1.54,4,-1.968,-0.228976190476191,"0",-0.0500000000000007,-0.35,-18
"177",2019,"Finland","FIN",10.75,14.95,7.55,0.97,5.39075,6.8,2019-06-06,"1",NA,1.167,0.833,3.8,NA,12.03,NA,NA,NA,4.7,3.82,-3.09010714285714,"0",NA,NA,NA
"178",1946,"France","FRA",12.375,19.5,27.35,18.6666666666667,4.741,1.9342,1946-06-24,"0",8.72,2.4,1.4,2.25,13251.6,8.072,NA,NA,NA,NA,NA,NA,NA,NA,NA,NA
"179",1951,"France","FRA",12,14.5,26.7,17.15,2.89,1.271,1951-08-11,"1",9.07,2.4,1,2.75,13497.9,8.153,NA,NA,NA,NA,-0.6632,-1.851,"0",0.35,NA,NA
"180",1956,"France","FRA",10.2166666666667,13.16,25.9,5.43333333333333,1.2195,2.5646,1956-01-31,"1",9.24,2.4,1.2,2.75,13767.4,8.318,NA,NA,NA,NA,1.2936,-1.6705,"1",0.17,NA,NA
"181",1958,"France","FRA",10.75,8.8,18.9,10.9333333333333,3.93333333333333,1.46666666666667,1959-01-08,"0",9.3,2.2,1.8,2.75,13875.2,8.384,NA,NA,NA,NA,-1.09793333333333,2.71383333333333,"1",0.0600000000000005,NA,NA
"182",1967,"France","FRA",7.63333333333333,18.9,12.3,16.8,5.13333333333333,1.13333333333333,1967-04-08,"0",9.67,2.6,1.4,3,14360.3,9.542,NA,NA,NA,NA,-0.333333333333333,1.2,"0",0.369999999999999,NA,NA
"183",1968,"France","FRA",6.93333333333333,16.5,11.95,38,4.725,0.95,1968-07-12,"0",9.7,2.8,1.8,3,14414.2,9.698,NA,NA,NA,NA,-0.183333333333333,-0.408333333333332,"0",0.0299999999999994,NA,NA
"184",1973,"France","FRA",6.925,10.4,8.06666666666667,26,3.475,2.5,1973-04-05,"0",9.93,2.6,1.2,3.25,14683.7,10.325,NA,NA,NA,NA,1.55,-1.25,"0",0.23,NA,NA
"185",1981,"France","FRA",7.7,12.2,16.1,0,3.85,0.6,1981-06-23,"1",10.07,2.4,1.6,3.5,15114.9,11.101,NA,NA,NA,NA,-1.9,0.375,"0",0.140000000000001,NA,NA
"186",1986,"France","FRA",10.75,10.9333333333333,9.7,9.8,3.3,0.6355,1986-03-20,"0",10.14,2.4,1.2,3.5,15384.4,11.306,NA,NA,NA,NA,0.0355,-0.55,"1",0.0700000000000003,NA,NA
"187",1988,"France","FRA",13.5,18.05,6.35,9.8,5.4,0.43025,1988-06-23,"1",10.19,2.2,1,3.5,15492.2,11.388,NA,NA,NA,NA,-0.20525,2.1,"0",0.0499999999999989,NA,NA
"188",1993,"France","FRA",14.7333333333333,8.71333333333333,4.26666666666667,12.4,2.545,0.4105,1993-03-29,"0",10.25,2.4,1.2,3.75,15761.7,11.581,1.71,1006,1.75,NA,-0.01975,-2.855,"1",0.0600000000000005,NA,NA
"189",1997,"France","FRA",12.17,10.5933333333333,5.08666666666667,14.95,1.0715,0,1997-06-02,"1",10.32,2.4,1,3.75,15977.3,11.729,1.5,911,1.56,NA,-0.4105,-1.4735,"0",0.0700000000000003,-0.21,-95
"190",2002,"France","FRA",7.375,7.8125,1.93,4.41,5.67975,0.737,2002-06-17,"0",10.44,2.6,1.2,3.8,NA,11.964,1.23,780,1.3,NA,0.737,4.60825,"1",0.119999999999999,-0.27,-131
"191",2007,"France","FRA",12.9975,7.8175,3.855,2.745,3.517,1.306,2007-06-18,"0",10.51,2.6,1.4,3.8,NA,12.274,1.04,683,1.1,6,0.569,-2.16275,"0",0.0700000000000003,-0.19,-97
"192",2012,"France","FRA",7.04,8.22,6.91,6.895,1.50988888888889,1.01,2012-06-18,"1",10.51,2.333,1.333,3.8,NA,12.46,0.96,650,1.02,6.3,-0.296,-2.00711111111111,"0",0,-0.0800000000000001,-33
"193",2017,"France","FRA",9.17666666666667,3.4525,4.84,6.75,9.32442857142857,7.79866666666667,2017-06-21,"0",10.54,2.333,1.667,3.8,NA,12.46,NA,NA,NA,7,6.78866666666667,7.81453968253968,"1",0.0299999999999994,NA,NA
"194",1949,"Germany","DEU",9.03333333333333,29.2,5.7,2.35,6.915,3.0846,1949-09-20,"0",8.56,1.8,0.6,3.5,25623.702,8.49,NA,NA,NA,NA,NA,NA,NA,NA,NA,NA
"195",1953,"Germany","DEU",8.81428571428571,28.8,2.2,3.5,4.74333333333333,0,1953-10-20,"0",8.96,1.6,0.6,3.5,26263.5,8.875,NA,NA,NA,NA,-3.0846,-2.17166666666667,"0",0.4,NA,NA
"196",1957,"Germany","DEU",15.325,31.8,0,2.8,3.27033333333333,0,1957-10-24,"0",9.24,1.4,0.6,3.667,26761.5,9.335,NA,NA,NA,NA,0,-1.473,"0",0.279999999999999,NA,NA
"197",1961,"Germany","DEU",15.25,36.2,1.9,0,1.921,0,1961-11-14,"0",9.45,1.4,0.6,3.667,27259.5,9.818,NA,NA,NA,NA,0,-1.34933333333333,"0",0.209999999999999,NA,NA
"198",1965,"Germany","DEU",19.1,39.3,1.3,2,2.339,0.472,1965-10-26,"0",9.59,1.6,1,3.667,27757.5,10.37,NA,NA,NA,NA,0.472,0.418,"0",0.140000000000001,NA,NA
"199",1969,"Germany","DEU",17.3,42.7,0,4.3,4.12733333333333,0,1969-10-22,"1",9.72,2,1.6,3.667,28255.5,10.922,NA,NA,NA,NA,-0.472,1.78833333333333,"0",0.130000000000001,NA,NA
"200",1972,"Germany","DEU",17.7666666666667,45.8,0,0.6,3.889,2.2085,1972-12-15,"1",9.81,1.8,1.4,3.833,28629,11.318,NA,NA,NA,NA,2.2085,-0.238333333333334,"1",0.0899999999999999,NA,NA
"201",1976,"Germany","DEU",18.8666666666667,42.6,0,0.3,0.9205,2.793,1976-12-15,"1",9.91,2,1.8,3.833,29127,11.834,NA,NA,NA,NA,0.5845,-2.9685,"1",0.0999999999999996,NA,NA
"202",1980,"Germany","DEU",18.3666666666667,42.9,1.5,0,2.921,0.758,1980-11-05,"1",10.02,1.8,1,3.833,29625,12.35,NA,NA,NA,NA,-2.035,2.0005,"1",0.109999999999999,NA,NA
"203",1983,"Germany","DEU",18.6,38.2,5.6,0.2,7.878,2.3665,1983-03-30,"0",10.04,2,1,3.833,29998.5,12.56,NA,NA,NA,NA,1.6085,4.957,"1",0.0199999999999996,NA,NA
"204",1987,"Germany","DEU",17.8,37.2,8.3,0.6,6.6585,1.343,1987-03-11,"0",10.13,1,0.6,3.833,30496.5,12.84,NA,NA,NA,NA,-1.0235,-1.2195,"0",0.0900000000000016,NA,NA
"205",1990,"Germany","DEU",18.3,33.5,2.46666666666667,2.1,5.76225,1.31,1991-01-18,"0",10.14,0.8,0.8,3.833,30870,13.05,1.32,1084,1.37,NA,-0.0329999999999999,-0.89625,"0",0.00999999999999979,NA,NA
"206",1994,"Germany","DEU",15.2166666666667,34.3,6.625,2.3,6.138,2.7355,1994-11-17,"0",10.24,0.8,0.6,3.833,31368,12.986,1.31,1101,1.36,NA,1.4255,0.37575,"0",0.0999999999999996,-0.01,17
"207",1998,"Germany","DEU",13.7666666666667,40.9,5.9,1.5,7.61566666666667,3.871,1998-10-27,"1",10.35,0.8,0.6,3.833,31866,12.922,1.23,1055,1.3,NA,1.1355,1.47766666666667,"0",0.109999999999999,-0.0800000000000001,-46
"208",2002,"Germany","DEU",15.3,38.5,6.3,0.6,4.4975,3.27733333333333,2002-10-22,"1",10.45,0.8,0.8,3.714,NA,12.908,1.07,928,1.14,8.9,-0.593666666666666,-3.11816666666667,"1",0.0999999999999996,-0.16,-127
"209",2005,"Germany","DEU",15,34.2,8.4,1.6,5.77666666666667,2.307,2005-11-22,"0",10.5,0.8,0.8,3.75,NA,12.935,0.95,831,1.02,8.3,-0.970333333333333,1.27916666666667,"1",0.0500000000000007,-0.12,-97
"210",2009,"Germany","DEU",12.5,21.9,10.55,1.4,4.91533333333333,0.918,2009-10-28,"0",10.57,0.8,0.8,3.75,NA,12.971,0.85,754,0.94,8.4,-1.389,-0.861333333333334,"0",0.0700000000000003,-0.1,-77
"211",2013,"Germany","DEU",15.4333333333333,25.7,8.5,3,5.671,2.873,2013-12-17,"0",10.68,0.833,0.8,3.75,NA,12.98,0.78,697,0.87,9,1.955,0.755666666666667,"0",0.109999999999999,-0.07,-57
"212",2017,"Germany","DEU",11.175,20.5,9.05,12.6,7.324,4.17333333333333,2017-09-24,"0",10.73,1.833,1.2,3.75,NA,12.98,NA,NA,NA,12.2,1.30033333333333,1.653,"0",0.0500000000000007,NA,NA
"213",1974,"Greece","GRC",37.4,13.6,9.5,1.1,2.3455,0,1974-11-21,"0",9.37,3.143,2.5,2.6,2475.88,7.012,NA,NA,NA,NA,NA,NA,NA,NA,NA,NA
"214",1977,"Greece","GRC",15.4,25.3,6.05,0,7.135,2.3755,1977-11-28,"0",9.48,2.333,1.667,3,2551.24,7.231,NA,NA,NA,NA,2.3755,4.7895,"0",0.110000000000001,NA,NA
"215",1981,"Greece","GRC",10.5871428571429,30.8333333333333,7.575,0,6.0745,0.922,1981-10-21,"1",9.56,2.286,1.667,3.2,2651.72,7.565,NA,NA,NA,NA,-1.4535,-1.0605,"0",0.0800000000000001,NA,NA
"216",1985,"Greece","GRC",40.8,45.8,5.85,0,5.025,5.399,1985-06-05,"1",9.61,2.286,1.833,3.4,2752.2,8.025,NA,NA,NA,NA,4.477,-1.0495,"1",0.0499999999999989,NA,NA
"217",1989,"Greece","GRC",26.66,38.6,6.86666666666667,1.2,3.92366666666667,2.43666666666667,1989-07-02,"0",9.69,2.571,1.667,3.4,2852.68,8.485,NA,NA,NA,NA,-2.96233333333333,-1.10133333333333,"1",0.0800000000000001,NA,NA
"218",1990,"Greece","GRC",23.8,38.6,5.55,0,5.524,4.813,1990-04-11,"0",9.68,2,1.667,3.4,2877.8,8.6,1.13,118,1.17,NA,2.37633333333333,1.60033333333333,"0",-0.00999999999999979,NA,NA
"219",1993,"Greece","GRC",22.1,47.1,3.7,0,1.675,3.3395,1993-10-13,"1",9.7,2,1.667,3.4,2953.16,8.981,1.17,128,1.23,NA,-1.4735,-3.849,"0",0.0199999999999996,0.04,10
"220",1996,"Greece","GRC",20.53,41.49,5.05333333333333,0,1.572,2.435,1996-09-24,"1",9.78,1.857,1.667,3.4,3028.52,9.362,1.17,135,1.27,NA,-0.9045,-0.103,"1",0.0800000000000001,0,7
"221",2000,"Greece","GRC",42.74,43.79,3.80333333333333,0,4.154,0,2000-04-13,"1",9.95,1.714,1.5,3.8,3129,9.87,1.04,125,1.14,2.6,-2.435,2.582,"1",0.17,-0.13,-10
"222",2004,"Greece","GRC",44.185,37.29,4.918,3.155,4.39533333333333,12.069,2004-03-10,"0",10.16,1.714,1.5,3.8,NA,10.202,0.96,118,1.06,NA,12.069,0.241333333333333,"1",0.210000000000001,-0.0800000000000001,-7
"223",2007,"Greece","GRC",41.84,38.1,4.74666666666667,3.8,6.10075,17.857,2007-10-01,"0",10.27,1.857,1.5,3.8,NA,10.451,1,124,1.12,5.1,5.788,1.70541666666667,"0",0.109999999999999,0.04,6
"224",2009,"Greece","GRC",22.3433333333333,40.285,5.20166666666667,6.39,4.307,4.1665,2009-10-06,"1",10.23,1.857,1.667,3.8,NA,10.617,1.06,132,1.18,6.7,-13.6905,-1.79375,"0",-0.0399999999999991,0.0600000000000001,8
"225",2015,"Greece","GRC",27.955,3.81875,17.136,4.548,8.77788888888889,2.79625,2015-01-27,"1",10.02,2,1.667,3.8,NA,10.7,1,122,1.12,6.6,-1.37025,4.47088888888889,"1",-0.210000000000001,-0.0600000000000001,-10
"226",1990,"Hungary","HUN",9.04,21.4,6.06666666666667,11.7,2.95566666666667,1.0396,1990-05-23,"0",9.24,1.714,0.571,3.25,3888.8,9.87,3.42,378,3.64,NA,NA,NA,NA,NA,NA,NA
"227",1994,"Hungary","HUN",5.68,19.7,18.1,5.2,3.171,2.2456,1994-07-15,"1",9.19,1.714,0.571,3.25,3966.08,10.222,3.47,389,3.76,NA,1.206,0.215333333333333,"0",-0.0500000000000007,0.0500000000000003,11
"228",1998,"Hungary","HUN",11.5333333333333,7.6,18.45,9.3,0.4945,0,1998-07-06,"0",9.36,1.571,0.571,3.25,4043.36,10.574,3.06,347,3.39,NA,-2.2456,-2.6765,"1",0.17,-0.41,-42
"229",2002,"Hungary","HUN",22.485,5.57,22.105,4.37,4.062,1.21666666666667,2002-05-27,"1",9.61,1.857,0.571,3.25,NA,10.838,2.48,285,2.81,1.1,1.21666666666667,3.5675,"0",0.25,-0.58,-62
"230",2006,"Hungary","HUN",23.5,6.5,43.2,2.2,2.1795,2.297,2006-06-09,"1",9.87,2.286,1.143,3.25,NA,11.014,2.17,252,2.51,1.5,1.08033333333333,-1.8825,"1",0.26,-0.31,-33
"231",2010,"Hungary","HUN",27.455,0,13.39,16.67,2.9765,2.535,2010-05-29,"0",9.91,3.286,0.429,3.25,NA,11.19,1.87,221,2.21,2,0.238,0.797,"1",0.0400000000000009,-0.3,-31
"232",2014,"Hungary","HUN",48.175,9.75,9.11,17.445,2.59225,5.6445,2014-05-10,"0",10,3.286,0.571,3.25,NA,11.19,1.63,196,1.99,1.4,3.1095,-0.38425,"0",0.0899999999999999,-0.24,-25
"233",2018,"Hungary","HUN",26.17,3.015,9.485,19.06,5.17733333333333,0.673,2018-05-10,"0",10.15,3.286,0.429,3.25,NA,11.19,NA,NA,NA,1.7,-4.9715,2.58508333333333,"0",0.15,NA,NA
"234",1946,"Iceland","ISL",31.3,17.8,19.5,0,2.5,0,1946-06-30,"0",NA,3,1,2.5,52,4.501,NA,NA,NA,NA,NA,NA,NA,NA,NA,NA
"235",1949,"Iceland","ISL",32,16.5,19.5,0,6.5,2.06666666666667,1949-12-06,"0",NA,3,1,2.5,55,4.799,NA,NA,NA,NA,2.06666666666667,4,"0",NA,NA,NA
"236",1953,"Iceland","ISL",17.075,15.6,16,0,6.05,3.03333333333333,1953-09-11,"0",9.09,2,0.5,2.5,59.3,5.166,NA,NA,NA,NA,0.966666666666666,-0.45,"0",NA,NA,NA
"237",1956,"Iceland","ISL",20.8333333333333,18.3,19.2,0,10.2,2.8,1956-07-24,"0",9.24,2,0.5,2.5,62.6,5.433,NA,NA,NA,NA,-0.233333333333333,4.15,"0",0.15,NA,NA
"238",1959,"Iceland","ISL",23.5,13.85,15.6,0,9.2,1.225,1959-06-28,"1",9.28,2,0.5,2.5,65.9,5.701,NA,NA,NA,NA,-1.575,-0.999999999999998,"0",0.0399999999999991,NA,NA
"239",1963,"Iceland","ISL",34.8,14.2,16,0,11.95,0.65,1963-06-09,"0",9.42,1.5,0.5,3,70.3,6.103,NA,NA,NA,NA,-0.575,2.75,"1",0.140000000000001,NA,NA
"240",1967,"Iceland","ISL",23.1,15.7,7.5,0,5.66666666666667,0,1967-06-11,"0",9.59,1.5,0.5,3,74.7,6.521,NA,NA,NA,NA,-0.65,-6.28333333333333,"0",0.17,NA,NA
"241",1971,"Iceland","ISL",30.75,10.5,13,0,7.38,0,1971-07-14,"0",9.72,1.5,0.5,2.667,79.1,6.974,NA,NA,NA,NA,0,1.71333333333333,"0",0.130000000000001,NA,NA
"242",1974,"Iceland","ISL",33.8,9.1,11.45,0,6,0.4,1974-08-28,"0",9.86,1.5,0.5,2.667,82.4,7.393,NA,NA,NA,NA,0.4,-1.38,"0",0.139999999999999,NA,NA
"243",1978,"Iceland","ISL",24.8,22,13.1,0,6.83333333333333,0,1978-09-01,"0",10.02,1.5,0.5,2.667,86.8,7.952,NA,NA,NA,NA,-0.4,0.833333333333334,"0",0.16,NA,NA
"244",1979,"Iceland","ISL",30.15,17.4,19.7,0,5.8,4.2,1980-02-08,"0",10.06,1.5,0.5,2.667,87.9,8.092,NA,NA,NA,NA,4.2,-1.03333333333333,"0",0.0400000000000009,NA,NA
"245",1983,"Iceland","ISL",28.85,9.5,11.4,0,4.95,4.875,1983-05-26,"0",10.11,1.5,0.5,2.667,92.3,8.595,NA,NA,NA,NA,0.674999999999999,-0.850000000000001,"0",0.0499999999999989,NA,NA
"246",1987,"Iceland","ISL",11.9,7.7,8.33333333333333,0,3.8,0.8,1987-07-08,"0",10.29,1.5,0.5,2.667,96.7,9.079,NA,NA,NA,NA,-4.075,-1.15,"0",0.18,NA,NA
"247",1991,"Iceland","ISL",15.125,15.5,11.35,0,2.10033333333333,0,1991-04-30,"0",10.25,1.5,0,3,101.1,9.558,1.2,3,1.21,NA,-0.8,-1.69966666666667,"0",-0.0399999999999991,NA,NA
"248",1995,"Iceland","ISL",30.2,9.3,9.6,0,3.517,2.482,1995-04-13,"0",10.21,1.5,0,3,105.5,10.022,1.08,3,1.1,NA,2.482,1.41666666666667,"0",-0.0399999999999991,-0.12,0
"249",1999,"Iceland","ISL",21.1,26.8,9.1,0,1.405,0.4585,1999-05-28,"0",10.38,2,0,3,109.9,10.485,1.01,3,1.03,NA,-2.0235,-2.112,"0",0.17,-0.0700000000000001,0
"250",2003,"Iceland","ISL",19.6,31,8.8,0,0.811666666666667,0,2003-05-23,"0",10.43,1.5,0,3.333,NA,10.837,0.9,3,0.93,3.6,-0.4585,-0.593333333333333,"0",0.0499999999999989,-0.11,0
"251",2007,"Iceland","ISL",18.5333333333333,26.8,8.8,0,1.366,0,2007-05-24,"0",10.62,1.5,0,3.333,NA,11.152,0.79,3,0.82,6.1,0,0.554333333333333,"0",0.19,-0.11,0
"252",2009,"Iceland","ISL",11.975,29.8,21.7,0,1.33166666666667,2.6235,2009-04-25,"1",10.54,3,1.5,3.333,NA,11.31,0.76,3,0.79,7.8,2.6235,-0.0343333333333335,"0",-0.0800000000000001,-0.03,0
"253",2013,"Iceland","ISL",15.2775,12.85,4.875,0,2.3436,0.84,2013-05-23,"0",10.55,2,0.5,3.333,NA,11.388,0.73,2,0.76,6.6,-1.7835,1.01193333333333,"1",0.0100000000000016,-0.03,-1
"254",2016,"Iceland","ISL",14.1175,5.58,10.9833333333333,0,1.3785,0,2017-01-10,"0",10.65,2,0,3.333,NA,11.388,0.69,2,0.72,8,-0.84,-0.9651,"0",0.0999999999999996,-0.04,0
"255",2017,"Iceland","ISL",10.94,12.1,11,0,1.168625,0,2017-11-30,"1",10.67,1,0,3.333,NA,11.388,NA,NA,NA,9,0,-0.209875,"0",0.0199999999999996,NA,NA
"256",1948,"Ireland","IRL",20.1175,5.63,0,0,3.25,0.8,1948-02-18,"0",8.55,1.75,0.5,2,NA,7.068,NA,NA,NA,NA,NA,NA,NA,NA,NA,NA
"257",1951,"Ireland","IRL",19.755,11.4,0,0,5.625,1.8,1951-06-13,"0",8.64,1.5,0.5,2,1186.06,7.188,NA,NA,NA,NA,1,2.375,"0",0.0899999999999999,NA,NA
"258",1954,"Ireland","IRL",20.5625,12.06,0.15,0,0,0.3,1954-06-02,"0",8.71,1.5,0.5,2,1201.24,7.362,NA,NA,NA,NA,-1.5,-5.625,"0",0.0700000000000003,NA,NA
"259",1957,"Ireland","IRL",19.75,9.11,5.35,0,2.76666666666667,2.25,1957-03-20,"0",8.74,1.5,1,2,1216.42,7.536,NA,NA,NA,NA,1.95,2.76666666666667,"0",0.0299999999999994,NA,NA
"260",1961,"Ireland","IRL",19.6225,11.65,0.98,0,0.533333333333333,0.3,1961-10-11,"0",8.88,0.75,0.75,2.25,1236.66,7.778,NA,NA,NA,NA,-1.95,-2.23333333333333,"0",0.140000000000001,NA,NA
"261",1965,"Ireland","IRL",27.5,15.38,0,0,2.275,0,1965-04-21,"0",8.99,0.75,0.5,2.25,1256.9,8.05,NA,NA,NA,NA,-0.3,1.74166666666667,"0",0.109999999999999,NA,NA
"262",1969,"Ireland","IRL",39.88,17.02,0,0,2,1.7,1969-07-02,"0",9.18,0.75,0.75,2.25,1277.14,8.322,NA,NA,NA,NA,1.7,-0.275,"0",0.19,NA,NA
"263",1973,"Ireland","IRL",40.66,13.71,1.14,0,0,0,1973-03-14,"0",9.3,0.5,1.25,2.5,1297.38,8.51,NA,NA,NA,NA,-1.7,-2,"0",0.120000000000001,NA,NA
"264",1977,"Ireland","IRL",40.56,11.63,1.7,0,0.4,0,1977-07-05,"0",9.43,0.5,1.25,3,1317.62,8.67,NA,NA,NA,NA,0,0.4,"0",0.129999999999999,NA,NA
"265",1981,"Ireland","IRL",40.86,9.89,1.72,0,2.04366666666667,0.8,1981-06-30,"0",9.54,0.5,1.4,3,1337.86,8.863,NA,NA,NA,NA,0.8,1.64366666666667,"0",0.109999999999999,NA,NA
"266",1982,"Ireland","IRL",42.245,9.24,2.18333333333333,0,8.039,11.0885,1982-03-09,"0",9.55,0.5,1.4,3,1342.92,8.936,NA,NA,NA,NA,10.2885,5.99533333333333,"0",0.0100000000000016,NA,NA
"267",1987,"Ireland","IRL",35.61,3.435,2.82,11.85,4.703,6.81,1987-03-10,"0",9.65,0.5,1.4,3,1368.22,9.301,NA,NA,NA,NA,-4.2785,-3.336,"0",0.0999999999999996,NA,NA
"268",1989,"Ireland","IRL",25.956,6.52333333333333,3.54666666666667,8.695,5.58333333333333,0,1989-07-12,"0",9.76,0.5,1.4,3,1378.34,9.447,NA,NA,NA,NA,-6.81,0.880333333333333,"0",0.109999999999999,NA,NA
"269",1992,"Ireland","IRL",31.79,19.31,1.93,4.68,2.312,1.158,1993-01-12,"0",9.91,0.2,1.4,3,1393.52,9.646,0.91,32,0.9,NA,1.158,-3.27133333333333,"0",0.15,NA,NA
"270",1997,"Ireland","IRL",22.7833333333333,10.4,2.13,4.68,0.927,1.37566666666667,1997-06-26,"0",10.29,0,0.8,3,1418.82,9.961,0.94,35,0.96,NA,0.217666666666667,-1.385,"0",0.379999999999999,0.0299999999999999,3
"271",2002,"Ireland","IRL",31.98,10.77,3.72,3.96,0.4655,0,2002-06-06,"0",10.67,0,0.6,3.25,NA,10.258,0.99,41,1.04,NA,-1.37566666666667,-0.4615,"0",0.380000000000001,0.05,6
"272",2007,"Ireland","IRL",34.44,10.13,4.09,2.73,1.47066666666667,0,2007-06-14,"0",10.87,0,0.6,3.25,NA,10.528,0.9,42,0.96,9.4,0,1.00516666666667,"0",0.199999999999999,-0.09,1
"273",2011,"Ireland","IRL",26.775,19.45,3.4925,0,3.017,0.99,2011-03-09,"0",10.8,0,0.6,3.25,NA,10.69,0.82,39,0.85,12.9,0.99,1.54633333333333,"0",-0.0699999999999985,-0.0800000000000001,-3
"274",2016,"Ireland","IRL",17.35,4.81,5.4975,0,3.10188888888889,0,2016-05-06,"0",10.94,0,0.4,3.25,NA,10.69,0.73,34,0.73,12.9,-0.99,0.084888888888889,"0",0.139999999999999,-0.09,-5
"275",1951,"Israel","ISR",6.95,24.9,4,0,6.45033333333333,0,1951-10-08,"1",8.52,2,1.429,3,654.5,6.868,NA,NA,NA,NA,NA,NA,NA,NA,NA,NA
"276",1955,"Israel","ISR",7,15.9,4.5,9.1,3.3335,0.7785,1955-07-26,"1",8.68,2,1.429,3,856.5,6.982,NA,NA,NA,NA,0.7785,-3.11683333333333,"1",0.16,NA,NA
"277",1959,"Israel","ISR",8.1,17.1333333333333,2.8,9.9,3.932,0.78425,1959-12-17,"1",8.88,2,1.429,3,1058.5,7.095,NA,NA,NA,NA,0.00575000000000003,0.5985,"1",0.200000000000001,NA,NA
"278",1961,"Israel","ISR",13.7,16.2666666666667,4.2,9.8,2.60433333333333,3.3026,1961-11-02,"1",8.98,2,1.429,3,1159.5,7.206,NA,NA,NA,NA,2.51835,-1.32766666666667,"1",0.0999999999999996,NA,NA
"279",1965,"Israel","ISR",12.55,17.0666666666667,1.53333333333333,8.9,4.58533333333333,1.44233333333333,1966-01-12,"1",9.21,2,1.429,3,1361.5,7.539,NA,NA,NA,NA,-1.86026666666667,1.981,"1",0.23,NA,NA
"280",1969,"Israel","ISR",7.3,46.2,1.7,9.7,0,1.64475,1969-12-15,"1",9.42,2,1.571,3,1563.5,7.872,NA,NA,NA,NA,0.202416666666667,-4.58533333333333,"1",0.209999999999999,NA,NA
"281",1973,"Israel","ISR",16.9,20.9,2.4,8.3,1.41133333333333,0,1974-03-10,"1",9.64,2.143,1.571,3.167,1765.5,8.383,NA,NA,NA,NA,-1.64475,1.41133333333333,"1",0.220000000000001,NA,NA
"282",1977,"Israel","ISR",12.025,12.9,3.1,5.6,0.422,2.21328571428571,1977-06-20,"0",9.66,2.143,1.571,3.167,1967.5,8.953,NA,NA,NA,NA,2.21328571428571,-0.989333333333333,"1",0.0199999999999996,NA,NA
"283",1981,"Israel","ISR",8.96,19,3.4,4.9,0.6896,1.637,1981-08-05,"0",9.8,2.429,1.857,3.167,2169.5,9.439,NA,NA,NA,NA,-0.576285714285714,0.2676,"0",0.140000000000001,NA,NA
"284",1984,"Israel","ISR",6.65714285714286,18.65,2.6,2.35,0,0,1984-09-13,"1",9.81,2.429,1.714,3.167,2321,9.612,NA,NA,NA,NA,-1.637,-0.6896,"0",0.00999999999999979,NA,NA
"285",1988,"Israel","ISR",7.33333333333333,12.2666666666667,2.13333333333333,2.95,0,0,1988-12-22,"0",9.92,2.429,1.714,3.167,2523,9.843,NA,NA,NA,NA,0,0,"1",0.109999999999999,NA,NA
"286",1992,"Israel","ISR",7.34,34.7,4.53333333333333,5.7,2.6785,0,1992-07-13,"1",9.98,2.429,1.714,3.167,2725,10.066,3.22,152,3.15,NA,0,2.6785,"0",0.0600000000000005,NA,NA
"287",1996,"Israel","ISR",8.05,26.8,5.8,7.8,5.8035,0,1996-06-18,"0",10.08,2.429,1.429,3.167,2927,10.281,4.61,251,4.57,NA,0,3.125,"1",0.0999999999999996,1.39,99
"288",1999,"Israel","ISR",6.74285714285714,20.2,3.5,3.26666666666667,3.59833333333333,0,1999-07-06,"1",10.11,2.429,1.429,3.167,3078.5,10.441,3.59,210,3.56,NA,0,-2.20516666666667,"0",0.0299999999999994,-1.02,-41
"289",2003,"Israel","ISR",11.266,14.46,2.882,3.62666666666667,8.26325,0.763,2003-03-03,"0",10.11,2.571,1.857,3.167,NA,10.561,10.41,661,10.39,NA,0.763,4.66491666666667,"1",0,6.82,451
"290",2006,"Israel","ISR",11.3,15.1,2.58,8.05,6.82066666666667,1.033,2006-05-04,"0",10.19,2.429,1.429,3.286,NA,10.628,12.4,840,12.36,NA,0.27,-1.44258333333333,"0",0.0800000000000001,1.99,179
"291",2009,"Israel","ISR",14.25,5.36,2.93333333333333,5.96666666666667,5.057,1.8504,2009-03-31,"0",10.23,2.429,1.429,3.286,NA,10.694,11.92,866,11.86,NA,0.8174,-1.76366666666667,"0",0.0400000000000009,-0.48,26
"292",2013,"Israel","ISR",9.775,11.39,2.8125,5.44,2.76116666666667,0.5395,2013-03-18,"0",10.32,2.429,1.286,3.286,NA,10.716,2.72,208,2.66,NA,-1.3109,-2.29583333333333,"0",0.0899999999999999,-9.2,-658
"293",2015,"Israel","ISR",10.088,18.67,2.525,4.93666666666667,2.5356,0,2015-05-14,"0",10.34,2.429,1.429,3.286,NA,10.716,3.43,271,3.36,NA,-0.5395,-0.225566666666667,"0",0.0199999999999996,0.71,63
"294",2019,"Israel","ISR",13.418,4.615,5.765,4.05857142857143,4.63022222222222,2.35525,2019-04-09,"0",NA,2.571,1.286,3.5,NA,10.716,NA,NA,NA,NA,2.35525,2.09462222222222,"0",NA,NA,NA
"295",2020,"Israel","ISR",17.43,5.83,12.67,3.63333333333333,5.11766666666667,3.3455,2020-05-17,"0",NA,2.333,1.167,3.5,NA,10.716,NA,NA,NA,NA,0.99025,0.487444444444444,"0",NA,NA,NA
"296",1946,"Italy","ITA",9.624,8.46,10.19,2.77,7.40675,0,1946-07-13,"0",8.24,2.167,1.333,2.667,18644.64,4.734,NA,NA,NA,NA,NA,NA,NA,NA,NA,NA
"297",1948,"Italy","ITA",13.285,3.27,31,2.405,3.41725,2.381,1948-05-23,"0",8.48,2.167,1.167,2.667,18959.32,4.852,NA,NA,NA,NA,2.381,-3.9895,"0",0.24,NA,NA
"298",1953,"Italy","ITA",14.52,6.26666666666667,22.6,6.35,4.66785714285714,0,1953-07-16,"0",8.82,2.5,1,2.833,19531.04,5.135,NA,NA,NA,NA,-2.381,1.25060714285714,"0",0.34,NA,NA
"299",1958,"Italy","ITA",12.24,6.73333333333333,22.7,3.5,4.9672,0.9555,1958-07-01,"0",9.05,2.5,1,2.833,19959.44,5.41,NA,NA,NA,NA,0.9555,0.299342857142857,"0",0.23,NA,NA
"300",1963,"Italy","ITA",11.885,7.1,25.3,5.1,4.4164,2.06,1963-06-21,"0",9.36,2.167,1,3,20387.84,5.844,NA,NA,NA,NA,1.1045,-0.5508,"0",0.309999999999999,NA,NA
"301",1968,"Italy","ITA",11.67,8.25,15.7,4.5,3.2388,0.769,1968-06-24,"0",9.58,2.333,2,3,20816.24,6.384,NA,NA,NA,NA,-1.291,-1.1776,"0",0.220000000000001,NA,NA
"302",1972,"Italy","ITA",14.3533333333333,5.86666666666667,14.55,8.7,3.50616666666667,2.679,1972-07-26,"0",9.68,2.667,2.5,3.167,21158.96,6.848,NA,NA,NA,NA,1.91,0.267366666666667,"0",0.0999999999999996,NA,NA
"303",1976,"Italy","ITA",13.5,4.29,17.95,6.1,3.4088,2.676,1976-07-29,"0",9.81,2.667,2.667,3.167,21501.68,7.344,NA,NA,NA,NA,-0.00299999999999967,-0.0973666666666664,"0",0.130000000000001,NA,NA
"304",1979,"Italy","ITA",13.5666666666667,4.65444444444444,12.65,5.375,3.72233333333333,1.74066666666667,1979-08-04,"0",9.92,2.333,1.833,3.167,21758.72,7.716,NA,NA,NA,NA,-0.935333333333333,0.313533333333333,"0",0.109999999999999,NA,NA
"305",1983,"Italy","ITA",12.1,4.604,15.7,6.8,4.68757142857143,0.627333333333333,1983-08-04,"1",9.97,2,1.5,3.667,22101.44,8.215,NA,NA,NA,NA,-1.11333333333333,0.965238095238095,"0",0.0500000000000007,NA,NA
"306",1987,"Italy","ITA",12.3066666666667,4.808,10.2666666666667,5.9,7.0305,1.76075,1987-07-28,"0",10.08,2,1.333,3.667,22444.16,8.715,NA,NA,NA,NA,1.13341666666667,2.34292857142857,"1",0.109999999999999,NA,NA
"307",1992,"Italy","ITA",8.742,5.475,8.16666666666667,5.4,7.9055,1.2177,1992-06-28,"1",10.2,2.167,0.667,3.667,22872.56,9.328,1.74,1057,1.85,NA,-0.54305,0.875,"0",0.119999999999999,NA,NA
"308",1994,"Italy","ITA",12.7371428571429,9.33857142857143,9.44666666666667,4.45,6.343,2.704,1994-05-11,"0",10.23,2.333,0.5,3.667,23043.92,9.566,1.53,936,1.64,NA,1.4863,-1.5625,"1",0.0300000000000011,-0.21,-121
"309",1996,"Italy","ITA",26.085,18.41,8.57,0.22,7.5185,2.34811111111111,1996-05-18,"0",10.28,2.667,0.5,3.667,23215.28,9.804,1.4,859,1.51,NA,-0.355888888888889,1.1755,"0",0.0499999999999989,-0.13,-77
"310",2001,"Italy","ITA",6.74666666666667,6.91,6.36,12.02,1.9245,0.161,2001-06-11,"0",10.42,2.667,0.667,3.667,NA,10.347,1.1,684,1.2,2.4,-2.18711111111111,-5.594,"0",0.140000000000001,-0.3,-175
"311",2006,"Italy","ITA",5.36285714285714,11.7566666666667,2.755,12.01,2.12,0,2006-05-17,"1",10.48,2.667,0.5,3.714,NA,10.682,0.95,610,1.05,4.5,-0.161,0.1955,"0",0.0600000000000005,-0.15,-74
"312",2008,"Italy","ITA",8.995,4.48,18.6,2.46,7.159,6.068,2008-05-08,"0",10.49,2.667,0.5,3.714,NA,10.816,0.91,587,1,5.8,6.068,5.039,"1",0.00999999999999979,-0.0399999999999999,-23
"313",2013,"Italy","ITA",4.865,0,10.6066666666667,1.97,6.43933333333333,3.27142857142857,2013-04-27,"1",10.41,2.667,0.5,3.714,NA,10.95,0.78,523,0.87,7.3,-2.79657142857143,-0.719666666666667,"0",-0.0800000000000001,-0.13,-64
"314",1960,"Japan","JPN",8.8,0,15.15,58.1,5.69425,0,1960-12-08,"0",8.76,2,1.667,3,40109.86,8.63,NA,NA,NA,NA,NA,NA,NA,NA,NA,NA
"315",1963,"Japan","JPN",7.4,0,16.5,56,7.377,3.6,1963-12-09,"0",9.01,1.25,1.333,3,42925.498,9.083,NA,NA,NA,NA,3.6,1.68275,"0",0.25,NA,NA
"316",1967,"Japan","JPN",6.4,0,16.4,49.2,2.225,0,1967-02-17,"0",9.34,1.25,1.333,3.25,46679.682,9.687,NA,NA,NA,NA,-3.6,-5.152,"0",0.33,NA,NA
"317",1969,"Japan","JPN",9.325,0,14.125,47.63,1.1428,0,1970-01-14,"0",9.56,1.25,2,3.25,48556.774,9.989,NA,NA,NA,NA,0,-1.0822,"0",0.220000000000001,NA,NA
"318",1972,"Japan","JPN",7.72,0,16.195,46.85,0.4652,0,1972-12-22,"0",9.75,1.25,2,3.5,51372.412,10.32,NA,NA,NA,NA,0,-0.6776,"0",0.19,NA,NA
"319",1976,"Japan","JPN",7.12333333333333,0,15.535,41.78,4.364,0,1976-12-24,"0",9.83,1.25,1.25,3.625,55126.596,10.68,NA,NA,NA,NA,0,3.8988,"0",0.0800000000000001,NA,NA
"320",1979,"Japan","JPN",6.52666666666667,0.68,15.065,44.59,1.2825,0,1979-11-09,"0",9.95,1.25,1.25,3.625,57942.234,10.95,NA,NA,NA,NA,0,-3.0815,"0",0.119999999999999,NA,NA
"321",1980,"Japan","JPN",6.2,0.7,14.55,47.9,0,0,1980-07-17,"0",9.97,1.25,1.25,3.625,58880.78,11.04,NA,NA,NA,NA,0,-1.2825,"0",0.0200000000000014,NA,NA
"322",1983,"Japan","JPN",6.58333333333333,0.67,14.415,45.76,0.339,0,1983-12-27,"0",10.03,1.25,1.25,3.625,61696.418,11.28,NA,NA,NA,NA,0,0.339,"0",0.0599999999999987,NA,NA
"323",1986,"Japan","JPN",5.90333333333333,0.83,13.01,49.42,0.812,1.2785,1986-07-22,"0",10.13,1.25,1.25,3.625,64512.056,11.52,NA,NA,NA,NA,1.2785,0.473,"0",0.100000000000001,NA,NA
"324",1990,"Japan","JPN",6.41,0.86,16.155,46.16,0.340166666666667,0,1990-02-28,"0",10.31,1.25,1.25,3.75,68266.24,11.84,0.98,1171,0.96,NA,-1.2785,-0.471833333333333,"0",0.18,NA,NA
"325",1993,"Japan","JPN",4.76333333333333,0.73,11.565,18.2566666666667,0,0,1993-08-06,"0",10.34,1.25,1.25,3.75,71081.878,12.095,0.95,1156,0.93,NA,0,-0.340166666666667,"0",0.0299999999999994,-0.03,-15
"326",1996,"Japan","JPN",8.6,0.03,9.73,30.4,1.137,0,1996-11-07,"0",10.4,1,0.75,4,73897.516,12.35,0.88,1122,0.9,NA,0,1.137,"0",0.0600000000000005,-0.07,-34
"327",2000,"Japan","JPN",12.565,0,10.295,14.36,6.39725,5.07666666666667,2000-07-04,"0",10.41,1,0.75,4,77651.7,12.69,0.85,1134,0.9,1.2,5.07666666666667,5.26025,"0",0.00999999999999979,-0.03,12
"328",2003,"Japan","JPN",26.1,0,6.45,35,6.75366666666667,3.4385,2003-11-19,"0",10.42,1,0.75,4,NA,12.828,0.8,1081,0.86,1.5,-1.63816666666667,0.356416666666666,"0",0.00999999999999979,-0.0499999999999999,-53
"329",2005,"Japan","JPN",9.814,0,6.37,38.18,6.1614,1.575,2005-10-31,"0",10.46,1,0.75,4,NA,12.92,0.75,1029,0.82,1.6,-1.8635,-0.592266666666666,"0",0.0400000000000009,-0.05,-52
"330",2009,"Japan","JPN",10.205,0,5.65,26.73,7.829875,0,2009-09-16,"0",10.42,1,0.75,4,NA,13.104,0.66,930,0.73,1.7,-1.575,1.668475,"0",-0.0400000000000009,-0.09,-99
"331",2012,"Japan","JPN",9.6,0,4.73,27.6,6.82622222222222,6.711,2012-12-26,"0",10.48,1.5,0.75,4,NA,13.15,0.6,859,0.68,1.6,6.711,-1.00365277777778,"0",0.0600000000000005,-0.0600000000000001,-71
"332",2014,"Japan","JPN",12.4225,0,6.915,17.88,10.7455,6.343,2014-12-24,"0",10.51,1.5,0.75,4,NA,13.15,0.57,825,0.66,1.6,-0.368,3.91927777777778,"0",0.0299999999999994,-0.03,-34
"333",1993,"Latvia","LVA",14.06,5.92,8.88,9.35,0,0.772333333333333,1993-08-07,"0",9.04,1.833,0.5,3.571,NA,10.048,16.14,433,16.89,NA,NA,NA,NA,NA,NA,NA
"334",1998,"Latvia","LVA",12.0375,2.38,13.465,8.19,1.8065,0.8405,1998-11-26,"0",9.25,1.333,0.167,3.571,NA,10.171,13.34,344,14.28,NA,0.0681666666666667,1.8065,"0",0.210000000000001,-2.8,-89
"335",2002,"Latvia","LVA",12.86,1.4,11.5,5.4,1.516,1.98,2002-11-07,"0",9.47,0.833,0.167,3.571,NA,10.38,10.81,276,11.93,NA,1.1395,-0.2905,"0",0.220000000000001,-2.53,-68
"336",2006,"Latvia","LVA",10.6633333333333,8.25,4.765,6.94,2.38375,2.731,2006-11-07,"0",9.86,0.667,0.167,3.571,NA,10.698,9.89,249,11.22,20.8,0.751,0.86775,"0",0.389999999999999,-0.92,-27
"337",2010,"Latvia","LVA",19.9433333333333,26.61,1.47,7.84,3.226,2.84925,2010-11-03,"0",9.75,0.667,0.167,3.714,NA,11.015,7.5,181,8.66,17.3,0.11825,0.84225,"0",-0.109999999999999,-2.39,-68
"338",2011,"Latvia","LVA",13.5725,28.36,0,13.88,2.46,0,2011-10-25,"0",9.82,0.667,0.167,3.714,NA,11.015,7.03,168,8.16,16.6,-2.84925,-0.766,"0",0.0700000000000003,-0.47,-13
"339",2014,"Latvia","LVA",12.7944444444444,13.2566666666667,3.16666666666667,15.43,0,1.4578,2014-11-05,"0",9.94,0.833,0.167,3.714,NA,11.015,6.42,151,7.56,15.3,1.4578,-2.46,"0",0.119999999999999,-0.61,-17
"340",2018,"Latvia","LVA",9.334,11.275,3.22,12.705,2.44866666666667,2.84575,2018-10-06,"0",10.1,0.333,0.167,3.714,NA,11.015,NA,NA,NA,14.1,1.38795,2.44866666666667,"0",0.16,NA,NA
"341",1992,"Lithuania","LTU",11.7633333333333,13.6725,0,2.77,0,1.69688888888889,1992-12-02,"1",9.23,1.714,0.857,3.125,NA,9.63,9.56,365,9.89,NA,NA,NA,NA,NA,NA,NA
"342",1996,"Lithuania","LTU",8.45166666666667,6.522,1.73,2.79,4.28666666666667,1.71166666666667,1996-12-10,"0",9.08,1.286,0.429,3.125,NA,9.911,10.77,407,11.32,NA,0.0147777777777778,4.28666666666667,"1",-0.15,1.21,42
"343",2000,"Lithuania","LTU",6.06833333333333,13.8825,4.08,1.15,2.561,0.728333333333333,2000-10-26,"0",9.29,0.857,0.143,3.125,1326,10.192,9.24,345,9.87,NA,-0.983333333333333,-1.72566666666667,"0",0.209999999999999,-1.53,-62
"344",2004,"Lithuania","LTU",7.459,13.56,0,1.18,2.52833333333333,0.909333333333333,2004-12-14,"1",9.62,0.714,0.143,3.25,NA,10.748,9.27,345,10.2,NA,0.181,-0.0326666666666666,"0",0.33,0.0299999999999994,0
"345",2008,"Lithuania","LTU",9.945,6.574,3.24,1.75,1.79333333333333,1.46025,2008-11-27,"0",9.95,0.714,0.143,3.25,NA,11.305,9.1,329,10.25,1,0.550916666666667,-0.735,"1",0.33,-0.17,-16
"346",2012,"Lithuania","LTU",5.99666666666667,11.975,1.21,0,3.566,2.401,2012-12-13,"1",9.97,0.714,0.143,3.222,NA,11.584,6.85,234,7.82,0.8,0.94075,1.77266666666667,"0",0.0200000000000014,-2.25,-95
"347",2016,"Lithuania","LTU",9.965,12.0225,2.03,6.32,2.7228,1.53,2016-11-22,"1",10.12,0.857,0.143,3.222,NA,11.584,6.22,207,7.14,0.6,-0.871,-0.8432,"1",0.149999999999999,-0.63,-27
"348",1945,"Luxembourg","LUX",19.9382006236333,25.97,13.49,0,9.60633333333333,3.419,1945-11-14,"0",NA,1.75,1.5,3.667,39,NA,NA,NA,NA,NA,NA,NA,NA,NA,NA,NA
"349",1948,"Luxembourg","LUX",20.84,41.46,16.86,0,8.36325,0,1948-07-14,"0",NA,1,0.5,3.833,40.2,NA,NA,NA,NA,NA,-3.419,-1.24308333333333,"0",NA,NA,NA
"350",1951,"Luxembourg","LUX",30.56,35.48,3.4,0,3.066,0,1951-07-03,"0",9.42,1,0.5,3.833,41.78,NA,NA,NA,NA,NA,0,-5.29725,"0",NA,NA,NA
"351",1954,"Luxembourg","LUX",18.6566666666667,35.12,8.91,0,12.9213333333333,2.885,1954-06-28,"0",9.49,1,0.5,3.833,44.12,NA,NA,NA,NA,NA,2.885,9.85533333333333,"0",0.0700000000000003,NA,NA
"352",1959,"Luxembourg","LUX",27.68,34.92,9.07,0,8.45566666666667,5.149,1959-03-02,"0",9.64,1,0.5,3.833,48.02,NA,NA,NA,NA,NA,2.264,-4.46566666666667,"0",0.15,NA,NA
"353",1964,"Luxembourg","LUX",21.925,37.68,12.47,0,4.63875,0,1964-07-15,"0",9.79,1,0.5,3.833,51.92,NA,NA,NA,NA,NA,-5.149,-3.81691666666667,"0",0.149999999999999,NA,NA
"354",1968,"Luxembourg","LUX",25.93,32.25,15.5,0,3.6985,0,1969-02-06,"0",9.84,1,0.5,3.833,55.04,NA,NA,NA,NA,NA,0,-0.94025,"0",0.0500000000000007,NA,NA
"355",1974,"Luxembourg","LUX",25.04,18.1,10.47,0,6.044,0,1974-06-15,"0",10.11,1,0.5,4,59.72,NA,NA,NA,NA,NA,0,2.3455,"0",0.27,NA,NA
"356",1979,"Luxembourg","LUX",30.0075,12.208,3.2075,0,1.09125,0,1979-07-16,"0",10.12,1,0.5,4,63.62,NA,NA,NA,NA,NA,0,-4.95275,"0",0.00999999999999979,NA,NA
"357",1984,"Luxembourg","LUX",27.6375,17.13,5.1,0,5.3415,3.484,1984-07-20,"0",10.21,1,0.5,4,67.52,NA,NA,NA,NA,NA,3.484,4.25025,"0",0.0900000000000016,NA,NA
"358",1989,"Luxembourg","LUX",25.68,26.305,4.76333333333333,4.28333333333333,3.9838,1.9,1989-07-14,"0",10.5,1,0.5,4,71.42,NA,NA,NA,NA,NA,-1.584,-1.3577,"0",0.289999999999999,NA,NA
"359",1994,"Luxembourg","LUX",24.5975,25.745,6.1625,5.065,1.2515,0.576,1994-07-13,"0",10.62,1,0.5,4,75.32,NA,1.86,8,1.98,NA,-1.324,-2.7323,"0",0.119999999999999,NA,NA
"360",1999,"Luxembourg","LUX",25.86,23.66,4.875,9.675,0.862333333333333,0.671,1999-08-07,"0",10.76,1,0.5,4,79.22,NA,1.55,7,1.66,NA,0.095,-0.389166666666667,"0",0.140000000000001,-0.31,-1
"361",2004,"Luxembourg","LUX",25.6875,23.76,5.43,8.535,3.3814,0,2004-07-31,"0",10.87,1,0.5,4,NA,NA,1.32,6,1.42,39.3,-0.671,2.51906666666667,"0",0.109999999999999,-0.23,-1
"362",2009,"Luxembourg","LUX",25.7475,20.525,6.37333333333333,7.755,3.97233333333333,0,2009-07-23,"0",10.87,1,0.5,4,NA,NA,1.05,6,1.14,43.4,0,0.590933333333333,"0",0,-0.27,0
"363",2013,"Luxembourg","LUX",17.81,20.28,5.57,6.64,4.094,1.001,2013-12-04,"0",10.89,1,0.5,4,NA,NA,0.96,6,1.06,43.8,1.001,0.121666666666667,"0",0.0200000000000014,-0.0900000000000001,0
"364",1996,"Malta","MLT",47.8,26.08,0,0,1.186,0,1996-10-28,"1",9.74,3,0.8,4,151.8,NA,1.52,6,1.54,NA,NA,NA,NA,NA,NA,NA
"365",1998,"Malta","MLT",51.81,24.09,0,0,3.2545,0,1998-09-06,"0",9.82,3,0.8,4,153.4,NA,1.52,6,1.55,NA,0,2.0685,"1",0.0800000000000001,0,0
"366",1946,"Netherlands","NLD",14.49,28.31,10.56,2.14,3.6,0.8,1946-07-03,"0",8.87,1.667,0.5,2.5,3853.808,6.964,NA,NA,NA,NA,NA,NA,NA,NA,NA,NA
"367",1948,"Netherlands","NLD",12.53,25.6,7.74,2.37,1.208,0,1948-08-07,"1",9.08,1.667,0.5,2.5,3920.104,7.032,NA,NA,NA,NA,-0.8,-2.392,"0",0.210000000000001,NA,NA
"368",1952,"Netherlands","NLD",12.088,28.97,6.16,1.545,0.7,0.675,1952-09-02,"1",9.18,1.667,0.333,3.25,4089.464,7.28,NA,NA,NA,NA,0.675,-0.508,"1",0.0999999999999996,NA,NA
"369",1956,"Netherlands","NLD",14.7,32.69,4.75,1.455,0,1,1956-10-12,"1",9.39,1.667,0.333,3.25,4295.592,7.64,NA,NA,NA,NA,0.325,-0.7,"1",0.210000000000001,NA,NA
"370",1959,"Netherlands","NLD",15.3275,30.36,2.125,1.415,3.25,2,1959-05-19,"0",9.42,1.667,0.333,3.25,4450.188,7.91,NA,NA,NA,NA,1,3.25,"1",0.0299999999999994,NA,NA
"371",1963,"Netherlands","NLD",12.32,28.01,2.9,1.52,2.2,0.45,1963-07-24,"0",9.55,1.667,0.333,3.25,4656.316,8.306,NA,NA,NA,NA,-1.55,-1.05,"0",0.130000000000001,NA,NA
"372",1967,"Netherlands","NLD",12.008,14.015,3.24,1.435,0.7,1.43333333333333,1967-04-05,"0",9.71,1,0.333,3.25,4862.444,8.714,NA,NA,NA,NA,0.983333333333333,-1.5,"0",0.16,NA,NA
"373",1971,"Netherlands","NLD",8.28333333333333,12.2366666666667,2.39333333333333,1.98,1.4125,0,1971-06-07,"0",9.89,1.333,0.667,3.5,5068.572,9.119,NA,NA,NA,NA,-1.43333333333333,0.7125,"0",0.18,NA,NA
"374",1972,"Netherlands","NLD",8.03833333333333,11.87,3.59,1.99,0.585714285714286,0,1973-05-11,"1",9.91,1.333,0.667,3.5,5120.104,9.218,NA,NA,NA,NA,0,-0.826785714285714,"0",0.0199999999999996,NA,NA
"375",1977,"Netherlands","NLD",16.8933333333333,13.33,1.45333333333333,1.24,0.88,0.7,1977-05-25,"1",10.03,1.333,1,3.5,5377.764,9.713,NA,NA,NA,NA,0.7,0.294285714285714,"1",0.119999999999999,NA,NA
"376",1981,"Netherlands","NLD",24.065,13.3033333333333,2.04666666666667,1.34666666666667,0.9,1.174,1981-09-11,"0",10.05,1,0.75,3.5,5583.892,10.075,NA,NA,NA,NA,0.474,0.02,"1",0.0200000000000014,NA,NA
"377",1982,"Netherlands","NLD",26.235,17.33,1.57,1.265,2.73916666666667,2.44025,1982-11-04,"0",10.03,1,0.75,3.5,5635.424,10.14,NA,NA,NA,NA,1.26625,1.83916666666667,"0",-0.0200000000000014,NA,NA
"378",1986,"Netherlands","NLD",26,19.7,1.03,1.20333333333333,1.971,2.268,1986-07-14,"0",10.12,1,1,3.5,5841.552,10.4,NA,NA,NA,NA,-0.17225,-0.768166666666667,"0",0.0899999999999999,NA,NA
"379",1989,"Netherlands","NLD",20.802,19.105,3.82666666666667,1.152,1.975,1.7058,1989-11-07,"0",10.19,1.25,0.75,3.5,5996.148,10.595,NA,NA,NA,NA,-0.5622,0.00400000000000023,"0",0.0700000000000003,NA,NA
"380",1994,"Netherlands","NLD",19.736,18.5,2.444,1.45,4.456,2.86175,1994-08-22,"1",10.3,1.25,1,3.75,6253.808,10.908,1.34,219,1.42,NA,1.15595,2.481,"0",0.110000000000001,NA,NA
"381",1998,"Netherlands","NLD",21.53,18.985,5.4,1.42,4.0014,1.36825,1998-08-03,"1",10.45,1.25,0.75,3.75,6459.936,11.156,1.37,227,1.45,NA,-1.4935,-0.454599999999999,"1",0.149999999999999,0.03,8
"382",2002,"Netherlands","NLD",15.3033333333333,10.105,6.425,6.77666666666667,3.42025,1.5215,2002-07-22,"0",10.56,1.5,1.5,4,NA,11.33,1.34,226,1.4,4.3,0.15325,-0.58115,"1",0.110000000000001,-0.03,-1
"383",2003,"Netherlands","NLD",16.2166666666667,15.665,5.73,3.63,2.65833333333333,1.853,2003-05-27,"0",10.57,1.5,0.75,4,NA,11.355,1.29,219,1.35,4.3,0.3315,-0.761916666666667,"0",0.00999999999999979,-0.05,-7
"384",2006,"Netherlands","NLD",15.05,11.575,10.59,3.725,2.75533333333333,1.549,2007-02-22,"0",10.65,1.75,0.75,4,NA,11.43,1.08,184,1.13,4.2,-0.304,0.097,"0",0.0800000000000001,-0.21,-35
"385",2010,"Netherlands","NLD",12.4466666666667,13.29,8.245,8.595,1.134,0.753888888888889,2010-10-14,"0",10.69,1.75,0.75,4,NA,11.53,0.95,165,0.99,4.4,-0.795111111111111,-1.62133333333333,"0",0.0399999999999991,-0.13,-19
"386",2012,"Netherlands","NLD",10.025,16.435,5.99,6.085,2.99133333333333,2.348,2012-11-05,"0",10.69,1.75,0.75,4,NA,11.53,0.91,159,0.95,4.7,1.59411111111111,1.85733333333333,"0",0,-0.0399999999999999,-6
"387",2017,"Netherlands","NLD",7.35,8.95,9.1,7.6,0.566857142857143,0.510166666666667,2017-03-15,"0",10.75,1.75,1,4,NA,11.53,NA,NA,NA,5.7,-1.83783333333333,-2.42447619047619,"0",0.0600000000000005,NA,NA
"388",1946,"New Zealand","NZL",48.43,51.28,0.08,0,0.571,0,1946-12-20,"1",9.34,0.75,0.5,3.75,507.04,8.614,NA,NA,NA,NA,NA,NA,NA,NA,NA,NA
"389",1949,"New Zealand","NZL",51.88,47.16,0.25,0,3.756,0,1949-12-08,"0",9.39,0.75,0.5,3.75,528.76,8.701,NA,NA,NA,NA,0,3.185,"1",0.0500000000000007,NA,NA
"390",1951,"New Zealand","NZL",53.94,45.87,0.06,0,1.575,2.885,1951-09-01,"0",9.41,1,0.5,3.75,563.4,8.752,NA,NA,NA,NA,2.885,-2.181,"0",0.0199999999999996,NA,NA
"391",1954,"New Zealand","NZL",27.705,44.13,0,0,0.64,0,1954-11-26,"0",9.54,0.75,0.5,3.75,645.6,8.818,NA,NA,NA,NA,-2.885,-0.935,"0",0.129999999999999,NA,NA
"392",1957,"New Zealand","NZL",25.715,48.31,0,0,1.46566666666667,0,1957-12-11,"1",9.58,0.75,0.5,3.75,727.8,8.884,NA,NA,NA,NA,0,0.825666666666667,"0",0.0400000000000009,NA,NA
"393",1960,"New Zealand","NZL",28.105,43.42,0,0,0,2.001,1960-12-12,"0",9.62,0.75,0.5,3.75,810,8.95,NA,NA,NA,NA,2.001,-1.46566666666667,"1",0.0399999999999991,NA,NA
"394",1963,"New Zealand","NZL",27.505,43.74,0,0,1.98433333333333,0,1963-12-20,"0",9.69,0.75,0.5,3.75,892.2,9.142,NA,NA,NA,NA,-2.001,1.98433333333333,"0",0.0700000000000003,NA,NA
"395",1966,"New Zealand","NZL",29.06,41.44,0,0,2.396,0,1966-11-26,"0",9.8,0.75,0.5,3.75,974.4,9.334,NA,NA,NA,NA,0,0.411666666666666,"0",0.110000000000001,NA,NA
"396",1969,"New Zealand","NZL",27.145,44.18,0,0,2.00366666666667,0,1969-12-22,"0",9.82,0.75,0.5,3.75,1056.6,9.526,NA,NA,NA,NA,0,-0.392333333333333,"0",0.0199999999999996,NA,NA
"397",1972,"New Zealand","NZL",24.075,48.37,1.96,0,0.807333333333333,0,1972-12-08,"1",9.85,0.75,0.5,3.75,1138.8,9.76,NA,NA,NA,NA,0,-1.19633333333333,"0",0.0299999999999994,NA,NA
"398",1975,"New Zealand","NZL",27.435,39.7,5.19,0,1.366,1.592,1975-12-12,"0",9.9,1,0.5,3.75,1221,10.015,NA,NA,NA,NA,1.592,0.558666666666667,"1",0.0500000000000007,NA,NA
"399",1978,"New Zealand","NZL",27.945,40.41,2.41,0,2.35266666666667,0,1978-12-12,"0",9.86,1,0.5,3.75,1303.2,10.27,NA,NA,NA,NA,-1.592,0.986666666666666,"0",-0.0400000000000009,NA,NA
"400",1981,"New Zealand","NZL",29.715,39.01,0,0,1.623,1.286,1981-12-11,"0",9.93,1.25,0.5,3.75,1385.4,10.498,NA,NA,NA,NA,1.286,-0.729666666666666,"0",0.0700000000000003,NA,NA
"401",1984,"New Zealand","NZL",18.59,42.98,0,0,3.14,1.481,1984-07-26,"1",9.99,0.75,0.5,3.75,1467.6,10.672,NA,NA,NA,NA,0.195,1.517,"0",0.0600000000000005,NA,NA
"402",1987,"New Zealand","NZL",24.88,47.96,0,0,2.238,0.228,1987-08-19,"1",10.01,0.75,0.5,3.75,1549.8,10.846,NA,NA,NA,NA,-1.253,-0.902,"1",0.0199999999999996,NA,NA
"403",1990,"New Zealand","NZL",24.745,35.14,6.005,0,3.82866666666667,0,1990-11-02,"0",9.99,0.75,0.5,3.5,1632,11.02,2.09,72,2.13,NA,-0.228,1.59066666666667,"1",-0.0199999999999996,NA,NA
"404",1993,"New Zealand","NZL",15.1566666666667,34.68,18.21,0,3.249,0,1993-11-28,"0",9.99,0.75,0.5,3.5,1714.2,11.35,1.87,68,1.91,NA,0,-0.579666666666667,"0",0,-0.22,-4
"405",1996,"New Zealand","NZL",13.1,28.19,10.1,6.1,4.184,2.793,1996-12-16,"0",10.1,0.75,0.5,3.5,1796.4,11.68,1.8,68,1.82,NA,2.793,0.935,"0",0.109999999999999,-0.0700000000000001,0
"406",1999,"New Zealand","NZL",7.76,38.74,6.45,7.04,1.317,1.441,1999-12-09,"1",10.16,0.75,0.5,3.5,1878.6,12.01,1.64,63,1.64,NA,-1.352,-2.867,"0",0.0600000000000005,-0.16,-5
"407",2002,"New Zealand","NZL",9.8375,21.48,4.135,7.14,2.70025,0.469666666666667,2002-08-15,"1",10.24,0.6,0.5,3.5,NA,12.162,1.62,64,1.61,NA,-0.971333333333333,1.38325,"1",0.0800000000000001,-0.0199999999999998,1
"408",2005,"New Zealand","NZL",15.83,21.13,5.3,1.51,3.51966666666667,1.494,2005-10-17,"1",10.32,0.6,0.8,3.2,NA,12.225,1.54,63,1.53,NA,1.02433333333333,0.819416666666667,"1",0.0800000000000001,-0.0800000000000001,-1
"409",2008,"New Zealand","NZL",16.6233333333333,17.45,6.72,3.65,2.079,1.5626,2008-11-19,"0",10.36,0.667,0.8,3.2,NA,12.288,1.47,62,1.46,NA,0.0686,-1.44066666666667,"1",0.0399999999999991,-0.0700000000000001,-1
"410",2011,"New Zealand","NZL",14.2875,27.48,11.06,1.07,6.6272,3.38866666666667,2011-12-14,"0",10.38,0.667,0.8,3.2,NA,12.33,1.53,66,1.51,NA,1.82606666666667,4.5482,"0",0.0200000000000014,0.0600000000000001,4
"411",2014,"New Zealand","NZL",14.9725,25.13,10.7,0.69,3.97166666666667,0.444,2014-10-08,"0",10.41,0.667,0.8,3.2,NA,12.33,1.26,56,1.24,NA,-2.94466666666667,-2.65553333333333,"0",0.0299999999999994,-0.27,-10
"412",2017,"New Zealand","NZL",18,36.9,6.3,0.5,3.9016,2.449,2017-10-26,"1",10.46,1,0.8,3.2,NA,12.33,NA,NA,NA,NA,2.005,-0.0700666666666669,"0",0.0500000000000007,NA,NA
"413",1945,"Norway","NOR",12.9,24.5,11.9,0,2.66666666666667,0.733333333333333,1945-11-05,"1",8.76,3.6,2.4,3.25,783.9,7.25,NA,NA,NA,NA,NA,NA,NA,NA,NA,NA
"414",1949,"Norway","NOR",10.715,25.275,5.84,0,4.56666666666667,0.2,1949-10-10,"1",9.03,2.2,1,3.333,825.58,7.49,NA,NA,NA,NA,-0.533333333333333,1.9,"1",0.27,NA,NA
"415",1953,"Norway","NOR",9.86,27.74,5.08,0,2.86666666666667,0,1953-10-12,"1",9.16,1.2,1,3.5,864.08,7.934,NA,NA,NA,NA,-0.2,-1.7,"1",0.130000000000001,NA,NA
"416",1957,"Norway","NOR",12.2,28.95,3.4,0,4.03333333333333,0.5,1957-10-07,"1",9.28,1.2,1,3.5,901.52,8.446,NA,NA,NA,NA,0.5,1.16666666666667,"1",0.119999999999999,NA,NA
"417",1961,"Norway","NOR",12.2666666666667,26.8,2.65,0,2.2,0.05,1961-09-11,"1",9.4,1,1,3.667,938.96,8.951,NA,NA,NA,NA,-0.45,-1.83333333333333,"1",0.120000000000001,NA,NA
"418",1965,"Norway","NOR",12.8666666666667,26.45,3.7,0,1.51666666666667,0,1965-10-12,"1",9.54,1.2,1,3.667,976.4,9.435,NA,NA,NA,NA,-0.05,-0.683333333333334,"1",0.139999999999999,NA,NA
"419",1969,"Norway","NOR",12.3,27.75,2.2,0,2.5,0,1969-09-07,"1",9.67,1.4,1,3.833,1013.84,9.919,NA,NA,NA,NA,0,0.983333333333333,"1",0.130000000000001,NA,NA
"420",1973,"Norway","NOR",9.135,23.16,5.83,5.01,1.55714285714286,0,1973-10-16,"1",9.8,1.2,1,3.833,1051.28,10.418,NA,NA,NA,NA,0,-0.942857142857143,"1",0.130000000000001,NA,NA
"421",1977,"Norway","NOR",10.45,25.45,4.2,1.9,2.21666666666667,0.3,1977-09-11,"1",9.97,1.2,1.4,3.833,1088.72,10.922,NA,NA,NA,NA,0.3,0.65952380952381,"1",0.17,NA,NA
"422",1981,"Norway","NOR",14.8333333333333,22.25,2.8,4.5,1.68,0.5,1981-10-14,"0",10.09,1.2,1.4,3.833,1126.16,11.38,NA,NA,NA,NA,0.2,-0.536666666666667,"1",0.119999999999999,NA,NA
"423",1985,"Norway","NOR",13.9333333333333,23.7,5.5,3.7,1,0.1,1985-09-08,"0",10.23,1.2,1,3.833,1163.6,11.7,NA,NA,NA,NA,-0.4,-0.68,"0",0.140000000000001,NA,NA
"424",1989,"Norway","NOR",11.3,20.4,10.1,13,1.05,0,1989-10-16,"0",10.27,1.2,1,3.833,1201.04,12.02,NA,NA,NA,NA,-0.1,0.05,"0",0.0399999999999991,NA,NA
"425",1993,"Norway","NOR",9.5,26.8,4.5,6.3,0.5585,0,1993-09-13,"1",10.46,1.2,1,3.833,1238.48,12.193,1.16,52,1.21,NA,0,-0.4915,"0",0.190000000000001,NA,NA
"426",1997,"Norway","NOR",8.225,21.45,3.85,15.3,3.1594,2.3245,1997-10-17,"0",10.75,0.8,1,3.833,1275.92,12.317,1.09,50,1.13,NA,2.3245,2.6009,"1",0.289999999999999,-0.0699999999999998,-2
"427",2001,"Norway","NOR",9.825,14.95,6.85,14.7,1.6758,0.5155,2001-10-19,"0",10.94,0.8,0.8,3.833,NA,12.429,1.06,49,1.09,4,-1.809,-1.4836,"0",0.19,-0.03,-1
"428",2005,"Norway","NOR",8.93333333333333,19.6,5,22.1,2.9136,1.6005,2005-10-17,"1",11.13,0.8,0.8,3.833,NA,12.505,0.92,43,0.94,4.6,1.085,1.2378,"0",0.190000000000001,-0.14,-6
"429",2009,"Norway","NOR",8.86666666666667,20.8,3.8,22.9,4.04166666666667,2.486,2009-10-20,"1",11.25,0.8,0.8,3.833,NA,12.581,0.86,43,0.89,6.3,0.8855,1.12806666666667,"1",0.119999999999999,-0.0600000000000001,0
"430",2013,"Norway","NOR",12.2,18.15,2.66666666666667,16.3,2.8355,0,2013-10-16,"0",11.31,1.2,1.2,3.833,NA,12.6,0.8,43,0.84,8.8,-2.486,-1.20616666666667,"1",0.0600000000000005,-0.0599999999999999,0
"431",2017,"Norway","NOR",11.2,18.85,3.86666666666667,15.2,3.165125,1.151,2017-09-11,"0",11.34,1.4,1.2,3.833,NA,12.6,NA,NA,NA,10.5,1.151,0.329625,"0",0.0299999999999994,NA,NA
"432",1991,"Poland","POL",6.43875,5.35,4.53333333333333,1.4,4.2948,0.6474375,1991-12-23,"0",8.94,2.167,0.5,3.125,10894.32,7.687,3.26,1274,3.34,NA,NA,NA,NA,NA,NA,NA
"433",1993,"Poland","POL",5.61285714285714,6.37,13.85,2.95,1.4234,2.5475,1993-10-26,"1",9.02,2,0.5,3.25,11189.36,7.936,3.13,1234,3.23,NA,1.9000625,-2.8714,"0",0.0800000000000001,-0.13,-40
"434",1997,"Poland","POL",13.53,7.31,15.935,2.033,0,0.2768,1997-10-31,"0",9.29,2,0.5,3.25,11779.44,8.435,3.01,1218,3.19,NA,-2.2707,-1.4234,"1",0.27,-0.12,-16
"435",2001,"Poland","POL",7.725,9.6,41.04,7.9,0,0,2001-10-19,"1",9.47,2.667,0.5,3.25,NA,8.897,2.55,1078,2.8,NA,-0.2768,0,"0",0.180000000000001,-0.46,-140
"436",2005,"Poland","POL",13.65,7.43,11.3,4.785,0.8236,0,2005-10-31,"0",9.65,2.714,0.571,3.375,NA,9.252,2.26,985,2.56,NA,0,0.8236,"1",0.18,-0.29,-93
"437",2007,"Poland","POL",36.81,5.22,13.15,1.3,0.22,0.14375,2007-11-16,"0",9.8,2.714,0.571,3.375,NA,9.43,2.18,958,2.49,0.1,0.14375,-0.6036,"0",0.15,-0.0799999999999996,-27
"438",2011,"Poland","POL",20.32,8.36,8.24,1.06,0.350666666666667,1.128,2011-11-18,"0",9.99,2.857,0.571,3.375,NA,9.696,1.89,846,2.2,0.2,0.98425,0.130666666666667,"0",0.19,-0.29,-112
"439",2015,"Poland","POL",18.5075,4.375,7.55,8.81,3.0295,2.9395,2015-11-16,"0",10.09,3,0.857,3.375,NA,9.696,1.66,754,1.96,0.3,1.8115,2.67883333333333,"0",0.0999999999999996,-0.23,-92
"440",2019,"Poland","POL",27.7,5.28333333333333,12.56,3.69,4.3988,2.4545,2019-11-15,"0",NA,3.714,1.546,3.286,NA,9.696,NA,NA,NA,NA,-0.485,1.3693,"0",NA,NA,NA
"441",1976,"Portugal","PRT",25.55,36.61,5.88666666666667,16.76,6.534,0.948,1976-07-23,"1",9.29,1.4,2.75,2.25,3464.04,5.078,NA,NA,NA,NA,NA,NA,NA,NA,NA,NA
"442",1979,"Portugal","PRT",22.475,28.1,10.785,0,6.552,2.564,1980-01-03,"0",9.42,1.4,1.5,2.25,3497.16,5.522,NA,NA,NA,NA,1.616,0.0179999999999998,"1",0.130000000000001,NA,NA
"443",1980,"Portugal","PRT",47.59,27.76,5.2475,0,4.693,1.748625,1980-10-05,"0",9.46,1.4,2,2.25,3508.2,5.67,NA,NA,NA,NA,-0.815375,-1.859,"0",0.0400000000000009,NA,NA
"444",1983,"Portugal","PRT",14.33,37.07,18.55,12.89,5.614,5.99783333333333,1983-06-09,"1",9.48,1.2,2,2.25,3541.32,5.763,NA,NA,NA,NA,4.24920833333333,0.920999999999999,"0",0.0199999999999996,NA,NA
"445",1985,"Portugal","PRT",30.64,19.84,8.595,10.22,10.1345,2.23216666666667,1985-10-31,"0",9.49,1.2,1.25,2.375,3563.4,5.825,NA,NA,NA,NA,-3.76566666666667,4.5205,"1",0.00999999999999979,NA,NA
"446",1987,"Portugal","PRT",30.8666666666667,13.8425,8.37333333333333,10.17,7.071,1.61842857142857,1987-08-17,"0",9.59,1.2,1.25,2.75,3585.48,5.887,NA,NA,NA,NA,-0.613738095238095,-3.0635,"0",0.0999999999999996,NA,NA
"447",1991,"Portugal","PRT",51.6,29.7,5.055,4.52,2.605,0,1991-10-31,"0",9.8,0.6,0.25,2.75,3629.64,6.116,2.8,280,2.8,NA,-1.61842857142857,-4.466,"0",0.210000000000001,NA,NA
"448",1995,"Portugal","PRT",34.78,44.61,4.725,9.23,2.5608,0,1995-10-28,"1",9.87,0.6,0.25,2.75,3673.8,6.66,2.56,263,2.61,NA,0,-0.0442,"0",0.0699999999999985,-0.24,-17
"449",1999,"Portugal","PRT",32.57,44.74,4.986,8.475,2.12483333333333,0,1999-10-25,"1",10.03,0.6,0.25,2.875,3717.96,7.204,2.32,248,2.42,NA,0,-0.435966666666667,"1",0.16,-0.24,-15
"450",2002,"Portugal","PRT",41.01,38.55,3.51333333333333,8.9,3.37275,0.482,2002-04-06,"0",10.08,0.667,0.2,3,NA,7.436,2,222,2.13,3.5,0.482,1.24791666666667,"1",0.0500000000000007,-0.32,-26
"451",2005,"Portugal","PRT",29.64,46.4,5.05666666666667,7.46,4.8686,0.943,2005-03-12,"1",10.1,0.667,0.167,3,NA,7.58,1.62,183,1.74,4.3,0.461,1.49585,"0",0.0199999999999996,-0.38,-39
"452",2009,"Portugal","PRT",21.88,33.07,7.225,9.86,3.72925,0.425,2009-10-26,"1",10.12,0.667,0.167,3,NA,7.772,1.52,178,1.68,4.2,-0.518,-1.13935,"1",0.0199999999999996,-0.1,-5
"453",2011,"Portugal","PRT",40.31,29.24,3.9675,12.21,4.26166666666667,0.402,2011-06-15,"0",10.13,0.833,0.167,3,NA,7.82,1.42,167,1.58,4.2,-0.023,0.532416666666667,"1",0.0100000000000016,-0.1,-11
"454",2015,"Portugal","PRT",20.515,33.57,5.4325,0,3.697,0.706,2015-10-30,"0",10.12,0.833,0.167,3,NA,7.82,1.32,155,1.48,3.8,0.304,-0.564666666666667,"0",-0.0100000000000016,-0.0999999999999999,-12
"455",2019,"Portugal","PRT",9.675,19.2925,7.27166666666667,3.51,5.86514285714286,1.87766666666667,2019-10-26,"1",NA,0.833,0.167,3,NA,7.82,NA,NA,NA,4.7,1.17166666666667,2.16814285714286,"0",NA,NA,NA
"456",1990,"Romania","ROU",14.4,0.53,1.78333333333333,0,4.078375,1.01357142857143,1990-07-04,"0",8.63,3,1.75,1.5,6374.6,9.104,4.14,986,4.2,NA,NA,NA,NA,NA,NA,NA
"457",1996,"Romania","ROU",10.1183333333333,11.67,2.01,0,2.697,0,1996-12-11,"0",8.78,2.75,0.25,1.5,6920.24,9.514,4.15,990,4.33,NA,-1.01357142857143,-1.381375,"0",0.149999999999999,0.0100000000000007,4
"458",2000,"Romania","ROU",6.86,20.34,0,0,0,0,2000-12-20,"1",8.87,2.125,0,1.75,7284,9.788,3.23,769,3.47,NA,0,-2.697,"0",0.0899999999999999,-0.92,-221
"459",2004,"Romania","ROU",10.9,36.6,0,0,0.945,0.16,2004-12-29,"0",9.26,2.25,0,1.6,NA,10.015,2.87,686,3.19,NA,0.16,0.945,"1",0.390000000000001,-0.36,-83
"460",2008,"Romania","ROU",12.504,33.09,0,0,0.445,0.11,2008-12-22,"0",9.7,2.25,0,1.857,NA,10.243,2.51,595,2.87,NA,-0.05,-0.5,"0",0.44,-0.36,-91
"461",2012,"Romania","ROU",7.63,58.63,13.99,0,4.611,2.597,2012-12-21,"1",9.75,2.25,0,1.857,NA,10.357,2.16,501,2.53,NA,2.487,4.166,"0",0.0500000000000007,-0.35,-94
"462",2016,"Romania","ROU",7.85166666666667,45.48,0,2.79,4.683,6.2255,2017-01-04,"1",9.79,2.125,0,1.857,NA,10.357,2,459,2.37,NA,3.6285,0.0719999999999992,"1",0.0399999999999991,-0.16,-42
"463",1990,"Slovakia","SVK",11.4085714285714,7.585,3.49,0,0.3145,2.06133333333333,1990-06-27,"0",NA,NA,NA,NA,NA,NA,3.48,185,3.52,NA,NA,NA,NA,NA,NA,NA
"464",1992,"Slovakia","SVK",5.27571428571429,18.6533333333333,1.61,0,0,2.88033333333333,1992-06-24,"1",NA,NA,NA,NA,NA,NA,3.35,181,3.41,NA,0.819,-0.3145,"0",NA,-0.13,-4
"465",1994,"Slovakia","SVK",6.62166666666667,34.97,6.83,0,1.401125,0.336666666666667,1994-12-13,"1",9.31,2,0.714,3.6,NA,NA,3.19,175,3.27,NA,-2.54366666666667,1.401125,"1",NA,-0.16,-6
"466",1998,"Slovakia","SVK",14.84,16.5566666666667,2.045,0,1.35566666666667,0,1998-10-30,"0",9.53,1.857,0.714,3.6,NA,NA,3.23,183,3.41,NA,-0.336666666666667,-0.0454583333333332,"1",0.219999999999999,0.04,8
"467",2002,"Slovakia","SVK",8.185,9.0275,6.32,3.65,3.636,0.6936,2002-10-16,"0",9.61,1.286,0.286,3.6,NA,10.725,3.09,180,3.35,0.5,0.6936,2.28033333333333,"0",0.0800000000000001,-0.14,-3
"468",2006,"Slovakia","SVK",9.16,18.965,3.88,0,3.802,1.66,2006-07-04,"1",9.86,1.143,0.286,3.6,NA,10.951,3.12,187,3.49,0.5,0.9664,0.166,"0",0.25,0.0300000000000002,7
"469",2010,"Slovakia","SVK",8.93333333333333,13.84,0,1.33,4.259,1.32133333333333,2010-07-08,"0",10,1.143,0.429,3.6,NA,11.176,2.59,160,2.97,1.2,-0.338666666666667,0.457,"1",0.140000000000001,-0.53,-27
"470",2012,"Slovakia","SVK",5.28555555555556,44.41,1.58,1.58,4.4615,1.2364,2012-04-04,"1",10.04,1.429,0.429,3.6,NA,11.176,2.39,149,2.76,1,-0.0849333333333333,0.2025,"0",0.0399999999999991,-0.2,-11
"471",2016,"Slovakia","SVK",7.55285714285714,28.28,0,7.335,5.76933333333333,1.44316666666667,2016-03-23,"1",10.14,1.429,0.429,3.6,NA,11.176,2.24,144,2.63,1.2,0.206766666666667,1.30783333333333,"1",0.100000000000001,-0.15,-5
"472",1990,"Slovenia","SVN",7.93333333333333,11.4333333333333,5.4,0,3.2254,2.34133333333333,1990-05-16,"0",9.8,2.125,1,3.375,NA,NA,2.38,50,2.5,NA,NA,NA,NA,NA,NA,NA
"473",1992,"Slovenia","SVN",4.3,13.0175,3.225,0,4.25233333333333,2.586,1993-01-12,"1",9.65,2.125,0.75,3.375,NA,NA,2.31,49,2.45,NA,0.244666666666667,1.02693333333333,"0",-0.15,-0.0699999999999998,-1
"474",1996,"Slovenia","SVN",11.57,9.252,1.76,0,6.0676,4.196,1997-02-27,"1",9.82,2.125,0.5,3.375,NA,NA,2.1,45,2.28,NA,1.61,1.81526666666667,"1",0.17,-0.21,-4
"475",2000,"Slovenia","SVN",11.3366666666667,12.448,0,0,1.989,0.250166666666667,2000-11-30,"1",9.98,2.375,0.5,3.625,NA,NA,1.75,39,1.97,NA,-3.94583333333333,-4.0786,"1",0.16,-0.35,-6
"476",2004,"Slovenia","SVN",15.77,9.271,0,0,2.48516666666667,4.054,2004-12-03,"0",10.09,2.25,0.375,3.625,NA,NA,1.6,37,1.84,NA,3.80383333333333,0.496166666666667,"1",0.109999999999999,-0.15,-2
"477",2008,"Slovenia","SVN",12.6233333333333,11.576,0,1.81,2.56716666666667,2.006,2008-11-21,"1",10.26,2.5,0.375,3.625,NA,NA,1.19,28,1.39,3.4,-2.048,0.0819999999999999,"0",0.17,-0.41,-9
"478",2011,"Slovenia","SVN",11.5675,8.41666666666667,0,0,2.02683333333333,2.8015,2012-01-28,"0",10.17,2.25,0.25,3.625,NA,NA,1.03,25,1.23,4.6,0.795500000000001,-0.540333333333333,"1",-0.0899999999999999,-0.16,-3
"479",2014,"Slovenia","SVN",12.1283333333333,8.255,4.99333333333333,0,3.0658,2.528,2014-08-25,"1",10.15,2.5,0.75,3.625,NA,NA,0.94,23,1.13,5.4,-0.2735,1.03896666666667,"0",-0.0199999999999996,-0.0900000000000001,-2
"480",2018,"Slovenia","SVN",11.5666666666667,6.85857142857143,5.21,0,4.091,2.2955,2018-08-17,"1",10.28,2.625,0.5,3.625,NA,NA,NA,NA,NA,5.9,-0.2325,1.0252,"1",0.129999999999999,NA,NA
"481",1977,"Spain","ESP",7.07428571428571,11.55,4.845,0,4.35375,4.31,1977-07-04,"0",9.5,1.857,3,2.2,16961.48,7.061,NA,NA,NA,NA,NA,NA,NA,NA,NA,NA
"482",1979,"Spain","ESP",9.084,11.0033333333333,3.3325,2.11,3.84085714285714,1.67133333333333,1979-04-05,"0",9.52,1.857,3,2.2,17351.96,7.247,NA,NA,NA,NA,-2.63866666666667,-0.512892857142857,"0",0.0199999999999996,NA,NA
"483",1982,"Spain","ESP",8.348,24.5,1.84333333333333,0,3.74742857142857,1.65533333333333,1982-12-02,"1",9.55,1,2.833,2.667,17937.68,7.562,NA,NA,NA,NA,-0.0159999999999998,-0.0934285714285714,"0",0.0300000000000011,NA,NA
"484",1986,"Spain","ESP",7.11166666666667,44.33,1.87,0,3.49883333333333,0.8838,1986-07-25,"1",9.63,0.857,2.833,2.667,18718.64,8.006,NA,NA,NA,NA,-0.771533333333333,-0.248595238095238,"1",0.0800000000000001,NA,NA
"485",1989,"Spain","ESP",8.27555555555556,16.712,2.74,0,2.30527272727273,0,1989-12-05,"1",9.82,0.857,2.833,2.667,19304.36,8.339,NA,NA,NA,NA,-0.8838,-1.19356060606061,"1",0.19,NA,NA
"486",1993,"Spain","ESP",6.43142857142857,13.4866666666667,5.255,0,1.13745454545455,0,1993-07-09,"1",9.91,0.857,2.667,2.667,20085.32,8.765,1.01,420,1.06,NA,0,-1.16781818181818,"1",0.0899999999999999,NA,NA
"487",1996,"Spain","ESP",9.272,9.9225,4.08666666666667,0,1.52342857142857,1.32,1996-05-05,"0",10.01,1.25,2.667,2.833,20671.04,9.08,0.92,396,0.99,NA,1.32,0.385974025974026,"1",0.0999999999999996,-0.09,-24
"488",2000,"Spain","ESP",13.0325,9.225,1.9325,0,1.7493,2.335,2000-04-26,"0",10.2,1.25,2.429,2.833,21452,9.5,0.95,431,1.06,NA,1.015,0.225871428571429,"0",0.19,0.0299999999999999,35
"489",2004,"Spain","ESP",17.074,18.064,2.566,0,0.300909090909091,0.641,2004-04-17,"1",10.31,1.25,2,2.833,NA,9.804,1.37,650,1.51,7,-1.694,-1.44839090909091,"0",0.110000000000001,0.42,219
"490",2008,"Spain","ESP",9.25,22.765,2.325,0,0.8667,0,2008-04-12,"1",10.4,1.375,1.857,3,NA,10.108,0.8,418,0.91,11.1,-0.641,0.565790909090909,"1",0.0899999999999999,-0.57,-232
"491",2011,"Spain","ESP",10.568,10.54,2.89666666666667,0,3.87161538461538,0,2011-12-21,"0",10.36,1.625,0.857,3,NA,10.26,0.7,375,0.8,11.4,0,3.00491538461538,"1",-0.0400000000000009,-0.1,-43
"492",2015,"Spain","ESP",9.286,12.2,4.866,0,3.69608333333333,2.632,2015-12-20,"0",10.37,2,0.375,3,NA,10.26,0.62,332,0.72,9.7,2.632,-0.175532051282051,"0",0.00999999999999979,-0.08,-43
"493",2016,"Spain","ESP",9.924,12.645,5.275,0,3.61333333333333,3.448,2016-06-26,"0",10.31,2,0.375,3,NA,10.26,0.62,331,0.71,9.5,0.816,-0.0827500000000003,"0",-0.0599999999999987,0,-1
"494",2019,"Spain","ESP",6.805,17.1033333333333,3.52333333333333,10.5166666666667,4.53556,2.1005,2019-04-28,"1",NA,2,0.375,3,NA,10.26,NA,NA,NA,10.4,-1.3475,0.922226666666667,"0",NA,NA,NA
"495",1944,"Sweden","SWE",14.1,46.5,5.25,0,0,0,1944-09-17,"1",8.99,1.167,0.333,2.857,1695.24,7.062,NA,NA,NA,NA,NA,NA,NA,NA,NA,NA
"496",1948,"Sweden","SWE",15.8,23.1,6.3,0,0,0,1948-11-19,"1",9.19,1,0.429,2.857,1787.08,7.274,NA,NA,NA,NA,0,0,"1",0.199999999999999,NA,NA
"497",1952,"Sweden","SWE",16.5,23.05,4.3,0,1.1,0,1952-09-21,"1",9.32,0.857,0.429,3,1847.72,7.602,NA,NA,NA,NA,0,1.1,"1",0.130000000000001,NA,NA
"498",1956,"Sweden","SWE",16.8,22.3,5,0,0.666666666666667,0,1956-09-26,"1",9.43,0.857,0.429,3,1877.16,8.046,NA,NA,NA,NA,0,-0.433333333333333,"1",0.109999999999999,NA,NA
"499",1958,"Sweden","SWE",16.8,23.1,3.4,0,0.15,0,1958-06-01,"1",9.46,0.857,0.429,3.143,1891.88,8.268,NA,NA,NA,NA,0,-0.516666666666667,"1",0.0300000000000011,NA,NA
"500",1960,"Sweden","SWE",15.9,47.8,4.5,0,0,0,1960-09-18,"1",9.54,0.857,0.429,3.286,1906.6,8.49,NA,NA,NA,NA,0,-0.15,"1",0.0799999999999983,NA,NA
"501",1964,"Sweden","SWE",7.91666666666667,47.3,5.2,0,0.125,0,1964-09-20,"1",9.73,0.857,0.429,3.286,1936.04,8.978,NA,NA,NA,NA,0,0.125,"1",0.190000000000001,NA,NA
"502",1968,"Sweden","SWE",7.83333333333333,50.1,3,0,0.375,0,1968-09-15,"1",9.82,1,0.429,3.286,1965.48,9.466,NA,NA,NA,NA,0,0.25,"1",0.0899999999999999,NA,NA
"503",1970,"Sweden","SWE",12.35,45.3,4.8,0,2.225,0,1970-09-20,"1",9.92,0.857,0.429,3.571,1980.2,9.71,NA,NA,NA,NA,0,1.85,"1",0.0999999999999996,NA,NA
"504",1973,"Sweden","SWE",12.65,43.6,5.3,0,0.825,0,1973-09-16,"1",9.98,0.857,0.571,3.571,2002.28,10.091,NA,NA,NA,NA,0,-1.4,"1",0.0600000000000005,NA,NA
"505",1976,"Sweden","SWE",13.05,42.7,4.7,0,1.275,0,1976-10-07,"0",10.03,0.857,0.571,3.571,2024.36,10.472,NA,NA,NA,NA,0,0.45,"1",0.0499999999999989,NA,NA
"506",1979,"Sweden","SWE",12.6,43.2,5.6,0,0.625,0,1979-10-11,"0",10.06,0.857,0.571,3.571,2046.44,10.853,NA,NA,NA,NA,0,-0.65,"0",0.0300000000000011,NA,NA
"507",1982,"Sweden","SWE",11.7,23.65,5.5,0,0.6,0.4,1982-10-07,"1",10.09,0.857,0.571,3.571,2068.52,11.15,NA,NA,NA,NA,0.4,-0.025,"0",0.0299999999999994,NA,NA
"508",1985,"Sweden","SWE",15.9666666666667,23.1,5.4,0,0.325,0,1985-09-15,"1",10.16,1,0.714,3.571,2090.6,11.405,NA,NA,NA,NA,-0.4,-0.275,"1",0.0700000000000003,NA,NA
"509",1988,"Sweden","SWE",11.175,24.35,5.8,0,0.94,0,1988-09-18,"1",10.22,0.857,0.571,3.571,2112.68,11.66,NA,NA,NA,NA,0,0.615,"1",0.0600000000000005,NA,NA
"510",1991,"Sweden","SWE",11.65,20.55,4.5,6.7,2.9015,0.64025,1991-10-03,"0",10.23,0.857,0.857,3.571,2134.76,11.8,1.51,137,1.59,NA,0.64025,1.9615,"1",0.00999999999999979,NA,NA
"511",1994,"Sweden","SWE",10.35,25.15,6.2,1.2,2.0455,0.2912,1994-10-06,"1",10.22,0.857,0.571,3.429,2156.84,11.71,1.36,126,1.44,NA,-0.34905,-0.856,"0",-0.00999999999999979,-0.15,-11
"512",1998,"Sweden","SWE",11.1225,20.435,11.99,0,0.793333333333333,0.40075,1998-10-07,"1",10.35,0.857,0.714,3.429,2186.28,11.59,1.32,122,1.39,NA,0.10955,-1.25216666666667,"1",0.129999999999999,-0.04,-4
"513",2002,"Sweden","SWE",11,22.25,8.4,1.44,4.86633333333333,1.01625,2002-10-21,"1",10.48,0.857,0.714,3.429,NA,11.594,1.24,116,1.31,5.3,0.6155,4.073,"1",0.130000000000001,-0.0800000000000001,-6
"514",2006,"Sweden","SWE",12.025,20.2,5.8,2.9,3.07725,1.04266666666667,2006-10-05,"0",10.62,0.857,0.714,3.5,NA,11.722,1.17,112,1.23,5.3,0.0264166666666668,-1.78908333333333,"1",0.139999999999999,-0.0700000000000001,-4
"515",2010,"Sweden","SWE",12.32,19,5.6,5.7,3.783,0.263666666666667,2010-09-19,"0",10.66,0.857,0.857,3.5,NA,11.85,1.12,111,1.19,6.4,-0.779,0.70575,"0",0.0400000000000009,-0.0499999999999998,-1
"516",2014,"Sweden","SWE",9.42625,19.375,6.01,11.265,12.626,7.0565,2014-10-02,"1",10.66,0.857,0.714,3.5,NA,11.85,1.07,111,1.14,7.2,6.79283333333333,8.843,"0",0,-0.05,0
"517",2018,"Sweden","SWE",10.065,16.335,8,17.53,8.85883333333333,7.3605,2018-09-09,"1",10.73,1.286,0.857,3.5,NA,11.85,NA,NA,NA,9,0.304,-3.76716666666667,"1",0.0700000000000003,NA,NA
"518",1983,"Turkey","TUR",45.14,30.46,0,23.2658,3,2.3,1983-12-13,"0",8.78,2.5,1.556,2.1,20957.38,4.548,NA,NA,NA,NA,NA,NA,NA,NA,NA,NA
"519",1987,"Turkey","TUR",27.7225,16.6345,0,5.0455,7.6,3.23333333333333,1987-12-21,"0",8.97,2.375,2,2.1,23092.82,4.972,NA,NA,NA,NA,0.933333333333334,4.6,"0",0.190000000000001,NA,NA
"520",1991,"Turkey","TUR",25.52,15.75,0,16.879,4.3685,2.12733333333333,1991-11-20,"0",9.07,2.5,2.889,2.1,25228.26,5.391,4.09,2202,3.99,NA,-1.106,-3.2315,"0",0.0999999999999996,NA,NA
"521",1995,"Turkey","TUR",19.4175,12.6725,4.165,14.778,3.1115,0.68475,1996-03-06,"0",9.21,2.5,3.111,2.1,27363.7,5.795,8.82,5206,8.84,NA,-1.44258333333333,-1.257,"0",0.140000000000001,4.73,3004
"522",1999,"Turkey","TUR",12.615,15.45,4.75,11.6166666666667,2.22775,0.759,1999-05-28,"1",9.32,2.375,3.111,2.1,29499.14,6.199,5.17,3286,5.24,NA,0.07425,-0.88375,"0",0.109999999999999,-3.65,-1920
"523",2002,"Turkey","TUR",12.86,7.25333333333333,6.22,5.54333333333333,2.081,2.522,2002-11-16,"0",9.37,2.889,1.889,2.3,NA,6.39,2.83,1896,2.9,NA,1.763,-0.14675,"1",0.0499999999999989,-2.34,-1390
"524",2007,"Turkey","TUR",18.14,20.9,0,8.67,1.8095,2.2635,2007-08-29,"0",9.69,3.222,2,2.3,NA,6.615,2.97,2135,3.07,NA,-0.2585,-0.2715,"0",0.32,0.14,239
"525",2011,"Turkey","TUR",25.55,25.98,0,13.01,3.86775,0,2011-07-06,"0",9.79,3.444,2.333,2.3,NA,6.75,3.11,2340,3.19,0.3,-2.2635,2.05825,"0",0.0999999999999996,0.14,205
"526",2015,"Turkey","TUR",30.81,25.135,11.94,14.095,4.788875,0,2015-08-28,"0",9.9,3.778,3,2.3,NA,6.75,3.5,2816,3.6,0.7,0,0.921125,"0",0.110000000000001,0.39,476
"527",2018,"Turkey","TUR",21.985,22.67,11.72,10.545,8.7632,4.316,2018-07-09,"0",9.87,4,2.778,2.3,NA,6.75,NA,NA,NA,1.1,4.316,3.974325,"0",-0.0300000000000011,NA,NA
"528",1945,"United Kingdom","GBR",19.55,14.375,0.3,0,3.25,2.1,1945-07-26,"1",9.33,1.25,1.25,2.571,23536.02,7.47,NA,NA,NA,NA,NA,NA,NA,NA,NA,NA
"529",1950,"United Kingdom","GBR",43.4,18.4666666666667,0.3,0,1.2,1.1,1950-02-28,"1",9.31,1.25,1.25,3,24220.8,7.74,NA,NA,NA,NA,-1,-2.05,"1",-0.0199999999999996,NA,NA
"530",1951,"United Kingdom","GBR",48,17.2333333333333,0.1,0,2,0,1951-10-26,"0",9.34,1.25,1.25,3,24271.164,7.858,NA,NA,NA,NA,-1.1,0.8,"1",0.0299999999999994,NA,NA
"531",1955,"United Kingdom","GBR",49.7,16.4333333333333,0.6,0,0.6,0,1955-05-26,"0",9.44,1.25,1.25,3,24472.62,8.33,NA,NA,NA,NA,0,-1.4,"0",0.0999999999999996,NA,NA
"532",1959,"United Kingdom","GBR",49.4,16.6666666666667,0,0,1.86666666666667,0,1959-10-14,"0",9.48,1.25,1.25,3,24674.076,8.802,NA,NA,NA,NA,0,1.26666666666667,"0",0.0400000000000009,NA,NA
"533",1964,"United Kingdom","GBR",43.4,18.5,0,0,0.7,0,1964-10-16,"1",9.63,1.25,1.25,3,24925.896,9.412,NA,NA,NA,NA,0,-1.16666666666667,"0",0.15,NA,NA
"534",1966,"United Kingdom","GBR",41.9,19.0333333333333,0,0,2.55,0,1966-04-05,"1",9.67,1.25,1.25,3,25026.624,9.658,NA,NA,NA,NA,0,1.85,"1",0.0399999999999991,NA,NA
"535",1970,"United Kingdom","GBR",46.4,13.075,0,0,0,2.6,1970-06-19,"0",9.75,1.25,1.25,3.143,25228.08,10.15,NA,NA,NA,NA,2.6,-2.55,"1",0.0800000000000001,NA,NA
"536",1974,"United Kingdom","GBR",36.9,12.11,0,0.3,5.15,1.4,1974-03-04,"1",9.85,1.25,2,3.143,25429.536,10.666,NA,NA,NA,NA,-1.2,5.15,"0",0.0999999999999996,NA,NA
"537",1979,"United Kingdom","GBR",23.4575,11.1444444444444,0,0.773333333333333,0.35,0.2,1979-05-04,"0",9.95,1.25,2,3.143,25681.356,11.311,NA,NA,NA,NA,-1.2,-4.8,"1",0.0999999999999996,NA,NA
"538",1983,"United Kingdom","GBR",21.45,10.98,0.33,0.85,0.6,0.5,1983-06-09,"0",9.97,1.25,2,3.143,25882.812,11.68,NA,NA,NA,NA,0.3,0.25,"0",0.0200000000000014,NA,NA
"539",1987,"United Kingdom","GBR",21.28,11.12,0.28,0.85,1.55566666666667,0,1987-06-11,"0",10.11,1.25,2,3.143,26084.268,12,NA,NA,NA,NA,-0.5,0.955666666666667,"0",0.139999999999999,NA,NA
"540",1992,"United Kingdom","GBR",21.1,11.12,0.5,0.8,1.81733333333333,0.656,1992-04-09,"0",10.16,1.25,2,3.143,26336.088,12.406,0.98,584,1.01,NA,0.656,0.261666666666666,"0",0.0500000000000007,NA,NA
"541",1997,"United Kingdom","GBR",15.52,12.624,0.41,0.83,0.525333333333333,1.36875,1997-05-02,"1",10.28,1.25,2,3.143,26587.908,12.821,0.9,539,0.93,NA,0.71275,-1.292,"0",0.119999999999999,-0.08,-45
"542",2001,"United Kingdom","GBR",11.3,12.42,0.7,0.8,1.7375,1.1875,2001-06-07,"1",10.39,1.25,1.25,3.143,NA,13.093,0.88,535,0.91,4,-0.18125,1.21216666666667,"1",0.110000000000001,-0.02,-4
"543",2005,"United Kingdom","GBR",11.8333333333333,11.96,0.8,0.5,1.311,1.3105,2005-05-06,"1",10.48,1.25,1,3.143,NA,13.185,0.78,491,0.81,4.7,0.123,-0.4265,"1",0.0899999999999999,-0.1,-44
"544",2010,"United Kingdom","GBR",13.2666666666667,10.94,0.8,1.9,4.06,1.46,2010-05-11,"0",10.46,1.25,0.75,3.143,NA,13.3,0.68,453,0.72,7.2,0.1495,2.749,"1",-0.0199999999999996,-0.1,-38
"545",2015,"United Kingdom","GBR",12.595,8.798,2.17,0.37,3.45022222222222,0.2185,2015-05-08,"0",10.52,1.6,0.8,3.143,NA,13.3,0.61,423,0.65,8.6,-1.2415,-0.609777777777778,"0",0.0599999999999987,-0.0700000000000001,-30
"546",2017,"United Kingdom","GBR",15.05,12.715,1.165,0,4.494,2.774,2017-06-11,"0",10.54,2.167,1.167,3.143,NA,13.3,NA,NA,NA,9.3,2.5555,1.04377777777778,"0",0.0199999999999996,NA,NA
"547",2019,"United Kingdom","GBR",8.35857142857143,9.71555555555556,4.0175,16.805,4.021125,4.171,2019-12-13,"0",NA,2.167,0.833,3.125,NA,13.3,NA,NA,NA,NA,1.397,-0.472875,"0",NA,NA,NA
